"country","year","incthrl","incthrh","marratel","marrateh","gini"
"Australia",2000,6000,60000,0,47,NA
"Australia",2001,6000,60000,0,47,33.5
"Australia",2002,6000,60000,0,47,NA
"Australia",2003,6000,62500,0,47,33.5
"Australia",2004,6000,70000,0,47,33.1
"Australia",2005,6000,95000,0,47,NA
"Australia",2006,6000,95000,0,47,NA
"Australia",2007,6000,150000,0,45,NA
"Australia",2008,6000,150000,0,45,35.4
"Australia",2009,6000,180000,0,45,NA
"Australia",2010,6000,180000,0,45,34.7
"Australia",2011,6000,180000,0,45,NA
"Australia",2012,6000,180000,0,45,NA
"Australia",2013,18200,180000,0,45,NA
"Australia",2014,18200,180000,0,45,34.4
"Australia",2015,18200,180000,0,45,NA
"Australia",2016,18200,180000,0,45,33.7
"Australia",2017,18200,180000,0,45,NA
"Australia",2018,18200,180000,0,45,34.3
"Australia",2019,18200,180000,0,45,NA
"Australia",2020,18200,180000,0,45,33.8
"Australia",2021,18200,180000,0,45,NA
"Australia",2022,18200,180000,0,45,NA
"Australia",2023,18200,180000,0,45,NA
"Australia",2024,18200,180000,0,45,NA
"Austria",2000,3633.6,29069,0,42.93,29
"Austria",2001,3633.6,35421,0,45.5,NA
"Austria",2002,3640,50870,0,50,NA
"Austria",2003,3640,50870,0,50,29.5
"Austria",2004,3640,50870,0,50,29.8
"Austria",2005,10000,51000,0,50,28.7
"Austria",2006,10000,51000,0,50,29.6
"Austria",2007,10000,51000,0,50,30.6
"Austria",2008,10000,51000,0,50,30.4
"Austria",2009,11000,60000,0,50,31.5
"Austria",2010,11000,60000,0,50,30.3
"Austria",2011,11000,60000,0,50,30.8
"Austria",2012,11000,60000,0,50,30.5
"Austria",2013,11000,60000,0,50,30.8
"Austria",2014,11000,60000,0,50,30.5
"Austria",2015,11000,60000,0,50,30.5
"Austria",2016,11000,1e+06,0,55,30.8
"Austria",2017,11000,1e+06,0,55,29.7
"Austria",2018,11000,1e+06,0,55,30.8
"Austria",2019,11000,1e+06,0,55,30.2
"Austria",2020,11000,1e+06,0,55,29.8
"Austria",2021,11000,1e+06,0,55,30.7
"Austria",2022,11000,1e+06,0,55,30.9
"Austria",2023,11693,1e+06,0,0.55,31.2
"Austria",2024,12816,1e+06,0,55,NA
"Belgium",2000,6395.6529,61229.701,25,55,33.1
"Belgium",2001,6570,62790,25,55,NA
"Belgium",2002,6730,43870,25,52,NA
"Belgium",2003,6840,29740,25,50,28.1
"Belgium",2004,6950,30210,25,50,30.5
"Belgium",2005,7100,30840,25,50,29.3
"Belgium",2006,7290,31700,25,50,28.1
"Belgium",2007,7420,32270,25,50,29.2
"Belgium",2008,7560,32860,25,50,28.4
"Belgium",2009,7900,34360,25,50,28.6
"Belgium",2010,7900,34330,25,50,28.4
"Belgium",2011,8070,35060,25,50,28.1
"Belgium",2012,8350,36300,25,50,27.5
"Belgium",2013,8590,37330,25,50,27.7
"Belgium",2014,8680,37750,25,50,28.1
"Belgium",2015,8710,37870,25,50,27.7
"Belgium",2016,10860,38080,25,50,27.6
"Belgium",2017,11070,38830,25,50,27.4
"Belgium",2018,9120,39660,25,50,27.2
"Belgium",2019,9310,40480,25,50,27.2
"Belgium",2020,13440,41060,25,50,26
"Belgium",2021,13540,41360,25,50,26.6
"Belgium",2022,13870,42370,25,50,26.4
"Belgium",2023,15200,46440,25,50,26.8
"Belgium",2024,15820,48320,25,50,NA
"Canada",2000,30004,60009,17,29,33.4
"Canada",2001,30754,1e+05,16,29,33.6
"Canada",2002,31677,103000,16,29,33.6
"Canada",2003,32183,104648,16,29,33.8
"Canada",2004,35000,113804,16,29,33.8
"Canada",2005,35595,115739,15,29,33.6
"Canada",2006,36378,118285,15.25,29,34.1
"Canada",2007,37178,120887,15,29,33.8
"Canada",2008,37885,123184,15,29,33.9
"Canada",2009,40726,126264,15,29,34
"Canada",2010,40970,127021,15,29,33.6
"Canada",2011,41544,128800,15,29,32.7
"Canada",2012,42707,132406,15,29,33.5
"Canada",2013,43561,135054,15,29,33.8
"Canada",2014,43953,136270,15,29,33.2
"Canada",2015,44701,138586,15,29,33.7
"Canada",2016,45282,2e+05,15,33,32.7
"Canada",2017,45916,202800,15,33,33.3
"Canada",2018,46605,205842,15,33,32.5
"Canada",2019,47630,210371,15,33,31.7
"Canada",2020,48535,214368,15,33,29.9
"Canada",2021,49020,216511,15,33,31.1
"Canada",2022,50197,221708,15,33,NA
"Canada",2023,53395,235675,15,33,NA
"Canada",2024,55867,246752,15,33,NA
"Chile",2000,3312000,39744000,0,45,52.8
"Chile",2001,3422880,41074560,0,45,NA
"Chile",2002,4761018,52900200,0,43,NA
"Chile",2003,4817718,53530200,0,40,51.5
"Chile",2004,4909896,54554400,0,40,NA
"Chile",2005,5114502,56827800,0,40,NA
"Chile",2006,5217372,57970800,0,40,47.7
"Chile",2007,5543964,61599600,0,40,NA
"Chile",2008,6099624,67773600,0,40,NA
"Chile",2009,5971806,66353400,0,40,47.4
"Chile",2010,6092010,67689000,0,40,NA
"Chile",2011,6321402,70237800,0,40,46.9
"Chile",2012,6513372,72370800,0,40,NA
"Chile",2013,6605064,73389600,0,40,46.8
"Chile",2014,69998076,77756400,0,40,NA
"Chile",2015,7282710,80919000,0,40,45.3
"Chile",2016,7481646.01,83129400.01,0,40,NA
"Chile",2017,7609464,67639680,0,35.5,45.3
"Chile",2018,7833186,69628320,0,35.5,NA
"Chile",2019,8038926,71457120,0,35,NA
"Chile",2020,8266698,73481760,0,35,47
"Chile",2021,8775702,201516120,0,40,NA
"Chile",2022,9436176,216682560,0,40,43
"Chile",2023,10258812,235572720,0,40,NA
"Chile",2024,10686654,245397240,0,40,NA
"Colombia",2000,15800000,7.5e+07,0,35,58.4
"Colombia",2001,17200000,7.7e+07,0,35,57.3
"Colombia",2002,18600000,83200000,0,35,56
"Colombia",2003,19700000,90100000,0,35,53.6
"Colombia",2004,20400000,9.6e+07,0,35,55
"Colombia",2005,21644000,95958000,0,35,53.9
"Colombia",2006,22742000,100154000,0,35,NA
"Colombia",2007,22862000,85993000,0,34,NA
"Colombia",2008,24039000,90421000,0,33,55.3
"Colombia",2009,25902000,97428000,0,33,54.3
"Colombia",2010,26765000,100676000,0,33,54.6
"Colombia",2011,27394000,103041000,0,33,53.5
"Colombia",2012,28393000,106801000,0,33,52.6
"Colombia",2013,29257000,110048000,0,33,52.6
"Colombia",2014,29959000,112689000,0,33,52.5
"Colombia",2015,30824000,115944000,0,33,51
"Colombia",2016,32431000,121987000,0,33,50.6
"Colombia",2017,34726000,130622000,0,33,49.7
"Colombia",2018,36140000,135940000,0,33,50.4
"Colombia",2019,37345000,1062370000,0,39,51.3
"Colombia",2020,38812000,1103817000,0,39,53.5
"Colombia",2021,39576000,1125548000,0,39,55.1
"Colombia",2022,41424000,1178124000,0,39,54.8
"Colombia",2023,46229000,1314772000,0,39,53.9
"Colombia",2024,51301000,1459015000,0,39,NA
"Costa Rica",2000,2587200,3889200,0,15,47.4
"Costa Rica",2001,2898000,4356000,0,15,51.5
"Costa Rica",2002,3240000,4869600,0,15,51.8
"Costa Rica",2003,3552000,5340000,0,15,49.3
"Costa Rica",2004,3876000,5820000,0,15,48.4
"Costa Rica",2005,4404000,6612000,0,15,47.5
"Costa Rica",2006,5028000,7548000,0,15,49.3
"Costa Rica",2007,5616000,8424000,0,15,49.3
"Costa Rica",2008,6069000,9144000,0,15,48.6
"Costa Rica",2009,7032000,10548000,0,15,50.6
"Costa Rica",2010,7428000,11148000,0,15,48
"Costa Rica",2011,7812000,11724000,0,15,48.8
"Costa Rica",2012,8220000,12336000,0,15,48.4
"Costa Rica",2013,8568000,12852000,0,15,49.2
"Costa Rica",2014,9024000,13536000,0,15,48.6
"Costa Rica",2015,9516000,14282000,0,15,48.4
"Costa Rica",2016,9444000,14172000,0,15,48.7
"Costa Rica",2017,9504000,14256000,0,15,48.3
"Costa Rica",2018,9588000,14388000,0,15,48
"Costa Rica",2019,9588000,50460000,0,25,48.2
"Costa Rica",2020,10080000,51900000,0,25,49.2
"Costa Rica",2021,10104000,52044000,0,25,48.7
"Costa Rica",2022,10356000,53340000,0,25,47.2
"Costa Rica",2023,11292000,58140000,0,25,46.7
"Costa Rica",2024,11148000,57396000,0,25,45.8
"Czechia",2000,102000,312000,15,32,NA
"Czechia",2001,109200,331200,15,32,NA
"Czechia",2002,109200,331200,15,32,26.6
"Czechia",2003,109200,331200,15,32,NA
"Czechia",2004,109200,331200,15,32,27.5
"Czechia",2005,109200,331200,15,32,26.9
"Czechia",2006,121200,331200,12,32,26.7
"Czechia",2007,121200,331200,12,32,26
"Czechia",2008,NA,NA,15,15,26.3
"Czechia",2009,NA,NA,15,15,26.2
"Czechia",2010,NA,NA,15,15,26.6
"Czechia",2011,NA,NA,15,15,26.4
"Czechia",2012,NA,NA,15,15,26.1
"Czechia",2013,NA,NA,15,15,26.5
"Czechia",2014,NA,NA,15,15,25.9
"Czechia",2015,NA,NA,15,15,25.9
"Czechia",2016,NA,NA,15,15,25.4
"Czechia",2017,NA,NA,15,15,24.9
"Czechia",2018,NA,NA,15,15,25
"Czechia",2019,NA,NA,15,15,25.3
"Czechia",2020,NA,NA,15,15,26.2
"Czechia",2021,1701168,1701168,15,23,26.2
"Czechia",2022,1867728,1867728,15,23,25.9
"Czechia",2023,1935552,1935552,15,23,25.7
"Czechia",2024,2110416,2110416,15,23,NA
"Denmark",2000,164300,267600,7,28,23.8
"Denmark",2001,177900,276900,6.25,27.25,NA
"Denmark",2002,191200,285200,5.5,26.5,NA
"Denmark",2003,198000,295300,5.5,26.5,25.6
"Denmark",2004,254000,304800,5.5,26.6,24.9
"Denmark",2005,259500,311500,5.48,26.48,25.2
"Denmark",2006,265500,318700,5.48,26.48,25.9
"Denmark",2007,272600,327200,5.48,26.48,26.2
"Denmark",2008,279800,335800,5.48,26.48,25.2
"Denmark",2009,347200,347200,5.04,26.04,26.7
"Denmark",2010,389900,389900,3.67,18.67,27.2
"Denmark",2011,389900,389900,3.64,18.64,27.3
"Denmark",2012,389900,389900,4.65,19.65,27.8
"Denmark",2013,421000,421000,5.83,20.83,28.5
"Denmark",2014,449100,449100,6.83,21.83,28.4
"Denmark",2015,459200,459200,8.08,23.08,28.2
"Denmark",2016,467300,467300,9.08,24.08,28.2
"Denmark",2017,479600,479600,10.08,25.08,28.7
"Denmark",2018,498900,498900,11.13,26.13,28.2
"Denmark",2019,513400,513400,12.16,27.16,27.7
"Denmark",2020,531000,531000,12.11,27.11,27.5
"Denmark",2021,544800,544800,12.09,27.09,28.3
"Denmark",2022,552500,552500,12.09,27.09,29.3
"Denmark",2023,568900,568900,12.06,27.06,29.9
"Denmark",2024,588900,588900,12.01,27.01,NA
"Estonia",2000,NA,NA,26,26,35.8
"Estonia",2001,NA,NA,26,26,36
"Estonia",2002,NA,NA,26,26,35.8
"Estonia",2003,NA,NA,26,26,37.2
"Estonia",2004,NA,NA,26,26,33.6
"Estonia",2005,NA,NA,24,24,33.4
"Estonia",2006,NA,NA,23,23,33.7
"Estonia",2007,NA,NA,22,22,31.2
"Estonia",2008,NA,NA,21,21,31.9
"Estonia",2009,NA,NA,21,21,31.4
"Estonia",2010,NA,NA,21,21,32
"Estonia",2011,NA,NA,21,21,32.5
"Estonia",2012,NA,NA,21,21,32.9
"Estonia",2013,NA,NA,21,21,35.1
"Estonia",2014,NA,NA,21,21,34.6
"Estonia",2015,NA,NA,20,20,32.7
"Estonia",2016,NA,NA,20,20,31.2
"Estonia",2017,NA,NA,20,20,30.4
"Estonia",2018,NA,NA,20,20,30.3
"Estonia",2019,NA,NA,20,20,30.8
"Estonia",2020,NA,NA,20,20,30.7
"Estonia",2021,NA,NA,20,20,31.8
"Estonia",2022,NA,NA,20,20,32.3
"Estonia",2023,NA,NA,20,20,30.7
"Estonia",2024,NA,NA,20,20,NA
"Finland",2000,8005.75,52979.2,0,37.5,27.2
"Finland",2001,11100.4,54661.1,0,37,NA
"Finland",2002,11500,54700,0,36,NA
"Finland",2003,11600,55200,0,35,27.7
"Finland",2004,11700,55800,0,34,27.9
"Finland",2005,12000,56900,0,33.5,27.6
"Finland",2006,12200,58200,0,32.5,28
"Finland",2007,12400,60800,0,32,28.3
"Finland",2008,12600,62000,0,31.5,27.8
"Finland",2009,13100,64500,0,30.5,27.5
"Finland",2010,15200,66400,0,30,27.7
"Finland",2011,15600,68200,0,30,27.6
"Finland",2012,16100,70300,0,29.75,27.1
"Finland",2013,16100,1e+05,0,31.75,27.2
"Finland",2014,16300,1e+05,0,31.75,26.8
"Finland",2015,16500,90000,0,31.75,27.1
"Finland",2016,16700,72300,0,31.75,27.1
"Finland",2017,16900,73100,0,31.5,27.4
"Finland",2018,17200,74200,0,31.25,27.3
"Finland",2019,17600,76100,0,31.25,27.7
"Finland",2020,18100,78500,0,31.25,27.1
"Finland",2021,18600,80500,0,31.25,27.7
"Finland",2022,19200,82900,0,31.25,27.9
"Finland",2023,19900,85800,12.64,44,27.4
"Finland",2024,20500,150000,12.64,44,NA
"France",2000,4055,45613,0,53.25,32.6
"France",2001,4121,46343,0,52.75,32.5
"France",2002,4191,47131,0,49.58,31.8
"France",2003,4261,47932,0,48.09,31.4
"France",2004,4334,48747,0,48.09,30.6
"France",2005,4412,49624,0,48.09,29.8
"France",2006,5614,66679,0,40,29.7
"France",2007,5687,67546,0,40,32.4
"France",2008,5852,69505,0,40,33
"France",2009,5875,69783,0,40,32.7
"France",2010,5963,70830,0,41,33.7
"France",2011,5963,70830,0,41,33.3
"France",2012,5963,150000,0,45,33.1
"France",2013,6011,151200,0,45,32.5
"France",2014,9690,151956,0,45,32.3
"France",2015,9700,152108,0,45,32.7
"France",2016,9710,152260,0,45,31.9
"France",2017,9807,153783,0,45,31.6
"France",2018,9964,156244,0,45,32.4
"France",2019,10064,157806,0,45,31.2
"France",2020,10084,158122,0,45,30.7
"France",2021,10225,160336,0,45,31.5
"France",2022,10777,168994,0,45,31.2
"France",2023,11294,177106,0,45,31.8
"France",2024,11294,177106,0,45,NA
"Germany",2000,6874.8,58643,0,51,28.9
"Germany",2001,7206,54998,0,48.5,29.9
"Germany",2002,7235,55007,0,48.5,29.8
"Germany",2003,7235,55007,0,48.5,29.8
"Germany",2004,7664,52151,0,45,30.2
"Germany",2005,7664,52151,0,42,31.7
"Germany",2006,7664,52151,0,42,31
"Germany",2007,7664,250000,0,45,31.2
"Germany",2008,7664,250000,0,45,30.8
"Germany",2009,7834,250400,0,45,30.5
"Germany",2010,8004,250730,0,45,30.2
"Germany",2011,8004,250730,0,45,30.6
"Germany",2012,8004,250730,0,45,31.1
"Germany",2013,8130,250730,0,45,31.5
"Germany",2014,8354,250730,0,45,30.8
"Germany",2015,8472,250730,0,45,31.7
"Germany",2016,8652,254446,0,45,31.4
"Germany",2017,8820,256303,0,45,31.3
"Germany",2018,9000,260532,0,45,31.9
"Germany",2019,9168,265326,0,45,31.8
"Germany",2020,9408,270500,0,45,32.4
"Germany",2021,9744,274612,0,45,NA
"Germany",2022,10347,277825,0,45,NA
"Germany",2023,10908,277825,0,45,NA
"Germany",2024,11784,277825,0,45,NA
"Greece",2000,5869.4,47644.9,0,45,34.4
"Greece",2001,7403,50028,0,42.5,NA
"Greece",2002,8400,23400,0,40,35.5
"Greece",2003,10000,23400,0,40,32.8
"Greece",2004,10000,23400,0,40,33.6
"Greece",2005,11000,23000,0,40,34.6
"Greece",2006,11000,23000,0,40,35.1
"Greece",2007,12000,75000,0,40,34
"Greece",2008,12000,75000,0,40,33.6
"Greece",2009,12000,75000,0,40,33.6
"Greece",2010,12000,1e+05,0,45,34.1
"Greece",2011,5000,1e+05,0,45,34.8
"Greece",2012,5000,1e+05,0,45,36.3
"Greece",2013,25000,42000,22,42,36.1
"Greece",2014,25000,42000,22,42,35.8
"Greece",2015,25000,42000,22,42,36
"Greece",2016,20000,40000,22,45,35
"Greece",2017,20000,40000,22,45,34.4
"Greece",2018,20000,40000,22,45,32.9
"Greece",2019,20000,40000,22,45,33.1
"Greece",2020,10000,40000,9,44,33.6
"Greece",2021,10000,40000,9,44,32.9
"Greece",2022,10000,40000,9,44,33.4
"Greece",2023,10000,40000,9,44,33.4
"Greece",2024,10000,40000,9,44,NA
"Hungary",2000,4e+05,1e+06,20,40,27.2
"Hungary",2001,480000,1050000,20,40,26.9
"Hungary",2002,6e+05,1200000,20,40,26.8
"Hungary",2003,650000,1350000,20,40,30.9
"Hungary",2004,8e+05,1500000,18,38,29.9
"Hungary",2005,1500000,1500000,18,38,34.7
"Hungary",2006,1550000,1550000,18,36,28.3
"Hungary",2007,1700000,1700000,18,36,27.9
"Hungary",2008,1700000,1700000,18,36,27.5
"Hungary",2009,1900000,1900000,18,36,27
"Hungary",2010,5e+06,5e+06,17,32,29.4
"Hungary",2011,NA,NA,16,16,29.2
"Hungary",2012,NA,NA,16,16,30.8
"Hungary",2013,NA,NA,16,16,31.5
"Hungary",2014,NA,NA,16,16,30.9
"Hungary",2015,NA,NA,16,16,30.4
"Hungary",2016,NA,NA,15,15,30.3
"Hungary",2017,NA,NA,15,15,30.6
"Hungary",2018,NA,NA,15,15,NA
"Hungary",2019,NA,NA,15,15,NA
"Hungary",2020,NA,NA,15,15,NA
"Hungary",2021,NA,NA,15,15,NA
"Hungary",2022,NA,NA,15,15,NA
"Hungary",2023,NA,NA,15,15,NA
"Hungary",2024,NA,NA,15,15,NA
"Iceland",2000,3278000,3278000,26.41,33.41,NA
"Iceland",2001,3865000,3865000,26.08,33.08,NA
"Iceland",2002,3980000,3980000,25.75,32.75,NA
"Iceland",2003,4089450,4089450,25.75,30.75,26.8
"Iceland",2004,4191686,4191686,25.75,29.75,28
"Iceland",2005,4191686,4191686,24.75,26.75,29
"Iceland",2006,NA,NA,23.75,23.75,30.2
"Iceland",2007,NA,NA,22.75,22.75,29.5
"Iceland",2008,NA,NA,22.75,22.75,31.8
"Iceland",2009,NA,NA,24.1,24.1,28.7
"Iceland",2010,2400000,7800000,24.1,33,26.2
"Iceland",2011,2512800,8166600,22.9,31.8,26.8
"Iceland",2012,2760000,8452400,22.9,31.8,26.8
"Iceland",2013,2897700,8874108,22.9,31.8,25.4
"Iceland",2014,3480000,9415428,22.86,31.8,27.8
"Iceland",2015,3709680,10036847,22.86,31.8,26.8
"Iceland",2016,4032420,10043880,22.68,31.8,27.2
"Iceland",2017,10016488,10016488,22.5,31.8,26.1
"Iceland",2018,10724553,10724553,22.5,31.8,26.6
"Iceland",2019,11125045,11125045,22.5,31.8,26.8
"Iceland",2020,4042992,11350476,20.6,31.8,NA
"Iceland",2021,4188216,11758164,17,31.8,NA
"Iceland",2022,4445784,12481272,17,31.8,NA
"Iceland",2023,4919832,13812144,16.78,31.58,NA
"Iceland",2024,5353632,15030012,16.55,31.35,NA
"Ireland",2000,21585.547,21585.547,22,44,33
"Ireland",2001,25394.762,25394.762,20,42,NA
"Ireland",2002,28000,28000,20,42,32.3
"Ireland",2003,28000,28000,20,42,32.9
"Ireland",2004,28000,28000,20,42,33.6
"Ireland",2005,29400,29400,20,42,33.8
"Ireland",2006,32000,32000,20,42,32.7
"Ireland",2007,34000,34000,20,41,31.9
"Ireland",2008,35400,35400,20,41,30.9
"Ireland",2009,36400,36400,20,41,32.7
"Ireland",2010,36400,36400,20,41,32.3
"Ireland",2011,32800,32800,20,41,32.9
"Ireland",2012,32800,32800,20,41,33.2
"Ireland",2013,32800,32800,20,41,33.5
"Ireland",2014,32800,32800,20,41,31.9
"Ireland",2015,33800,33800,20,40,31.8
"Ireland",2016,33800,33800,20,40,32.8
"Ireland",2017,33800,33800,20,40,31.4
"Ireland",2018,34550,34550,20,40,30.6
"Ireland",2019,35300,35300,20,40,30.3
"Ireland",2020,39300,39300,20,40,29.2
"Ireland",2021,35300,35300,20,40,29.4
"Ireland",2022,36800,36800,20,40,29.9
"Ireland",2023,40000,40000,20,40,29
"Ireland",2024,42000,42000,20,40,NA
"Israel",2000,23280,222720,10,50,NA
"Israel",2001,23400,222960,10,50,38.9
"Israel",2002,28410,378000,10,50.5,39.6
"Israel",2003,25200,241200,10,50,40.7
"Israel",2004,46800,409680,10,49,41.5
"Israel",2005,50040,413400,10,49,42.3
"Israel",2006,51360,424440,10,49,41.6
"Israel",2007,51240,423240,10,48,41.1
"Israel",2008,52680,435120,10,47,41.6
"Israel",2009,55080,454680,10,46,42.6
"Israel",2010,57240,472080,10,45,42.6
"Israel",2011,60840,482760,10,45,41.4
"Israel",2012,62400,501960,10,48,41.3
"Israel",2013,63360,811560,10,50,39.9
"Israel",2014,63360,811560,10,50,39.8
"Israel",2015,63240,810720,10,50,39.7
"Israel",2016,63640,803520,10,50,39
"Israel",2017,74640,640000,10,50,38.2
"Israel",2018,74880,641880,10,50,38.6
"Israel",2019,75720,649560,10,50,38.3
"Israel",2020,75960,651600,10,50,37.8
"Israel",2021,75480,647640,10,50,37.9
"Israel",2022,77400,663240,10,50,NA
"Israel",2023,81480,698280,10,50,NA
"Israel",2024,84120,721560,10,50,NA
"Italy",2000,10329,69722,18.5,45.5,35.2
"Italy",2001,10329,69722,18,45,NA
"Italy",2002,10329.14,69722,18,45,34.7
"Italy",2003,15000,70000,23,45,34.9
"Italy",2004,15000,70000,23,45,34.3
"Italy",2005,26000,1e+05,23,43,33.8
"Italy",2006,26000,1e+05,23,43,33.7
"Italy",2007,15000,75000,23,43,32.9
"Italy",2008,15000,75000,23,43,33.8
"Italy",2009,15000,75000,23,43,33.8
"Italy",2010,15000,75000,23,43,34.7
"Italy",2011,15000,75000,23,43,35.1
"Italy",2012,15000,75000,23,43,35.2
"Italy",2013,15000,75000,23,43,34.9
"Italy",2014,15000,75000,23,43,34.7
"Italy",2015,15000,75000,23,43,35.4
"Italy",2016,15000,75000,23,43,35.2
"Italy",2017,15000,75000,23,43,35.9
"Italy",2018,15000,75000,23,43,35.2
"Italy",2019,15000,75000,23,43,34.6
"Italy",2020,15000,75000,23,43,35.2
"Italy",2021,15000,75000,23,43,34.8
"Italy",2022,15000,50000,23,43,33.7
"Italy",2023,15000,50000,23,43,34.3
"Italy",2024,15000,50000,23,43,NA
"Japan",2000,3300000,1.8e+07,10,37,NA
"Japan",2001,3300000,1.8e+07,10,37,NA
"Japan",2002,3300000,1.8e+07,10,37,NA
"Japan",2003,3300000,1.8e+07,10,37,NA
"Japan",2004,3300000,1.8e+07,10,37,NA
"Japan",2005,3300000,1.8e+07,10,37,NA
"Japan",2006,3300000,1.8e+07,10,37,NA
"Japan",2007,1950000,1.8e+07,5,40,NA
"Japan",2008,1950000,1.8e+07,5,40,34.6
"Japan",2009,1950000,1.8e+07,5,40,33
"Japan",2010,1950000,1.8e+07,5,40,31.5
"Japan",2011,1950000,1.8e+07,5,40,33
"Japan",2012,1950000,1.8e+07,5,40,32.5
"Japan",2013,1950000,1.8e+07,5,40,31.5
"Japan",2014,1950000,1.8e+07,5,40,31.3
"Japan",2015,1950000,4e+07,5,45,30.7
"Japan",2016,1950000,4e+07,5,45,31.8
"Japan",2017,1950000,4e+07,5,45,31.8
"Japan",2018,1950000,4e+07,5,45,32.9
"Japan",2019,1950000,4e+07,5,45,33
"Japan",2020,1950000,4e+07,5,45,32.3
"Japan",2021,1950000,4e+07,5,45,NA
"Japan",2022,1950000,4e+07,5,45,NA
"Japan",2023,1950000,4e+07,5,45,NA
"Japan",2024,1950000,4e+07,5,45,NA
"Korea",2000,1e+07,8e+07,10,40,NA
"Korea",2001,1e+07,8e+07,10,40,NA
"Korea",2002,1e+07,8e+07,9,36,NA
"Korea",2003,1e+07,8e+07,9,36,NA
"Korea",2004,1e+07,8e+07,9,36,NA
"Korea",2005,1e+07,8e+07,8,35,NA
"Korea",2006,1e+07,8e+07,8,35,31.7
"Korea",2007,1e+07,8e+07,8,35,NA
"Korea",2008,1.2e+07,8.8e+07,8,35,32.3
"Korea",2009,1.2e+07,8.8e+07,6,35,NA
"Korea",2010,1.2e+07,8.8e+07,6,35,32
"Korea",2011,1.2e+07,8.8e+07,6,35,NA
"Korea",2012,1.2e+07,3e+08,6,38,31.6
"Korea",2013,1.2e+07,3e+08,6,38,NA
"Korea",2014,1.2e+07,1.5e+08,6,38,31.2
"Korea",2015,1.2e+07,1.5e+08,6,38,NA
"Korea",2016,1.2e+07,1.5e+08,6,38,35.2
"Korea",2017,1.2e+07,5e+08,6,40,34.9
"Korea",2018,1.2e+07,5e+08,6,42,33.7
"Korea",2019,1.2e+07,5e+08,6,42,33.2
"Korea",2020,1.2e+07,5e+08,6,42,32.7
"Korea",2021,1.2e+07,1e+09,6,45,32.9
"Korea",2022,1.2e+07,1e+09,6,45,NA
"Korea",2023,1.4e+07,1e+09,6,45,NA
"Korea",2024,1.4e+07,1e+09,6,45,NA
"Latvia",2000,NA,NA,25,25,NA
"Latvia",2001,NA,NA,25,25,NA
"Latvia",2002,NA,NA,25,25,35.1
"Latvia",2003,NA,NA,25,25,36.5
"Latvia",2004,NA,NA,25,25,36.4
"Latvia",2005,NA,NA,25,25,39
"Latvia",2006,NA,NA,25,25,35.6
"Latvia",2007,NA,NA,25,25,37.5
"Latvia",2008,NA,NA,25,25,37.2
"Latvia",2009,NA,NA,23,23,35.9
"Latvia",2010,NA,NA,26,26,35
"Latvia",2011,NA,NA,25,25,35.8
"Latvia",2012,NA,NA,25,25,35.2
"Latvia",2013,NA,NA,24,24,35.5
"Latvia",2014,NA,NA,24,24,35.1
"Latvia",2015,NA,NA,23,23,34.2
"Latvia",2016,NA,NA,23,23,34.3
"Latvia",2017,NA,NA,23,23,35.6
"Latvia",2018,NA,NA,23,23,35.1
"Latvia",2019,20004,62800,20,31.4,34.5
"Latvia",2020,20004,62800,20,31.4,35.7
"Latvia",2021,20004,62800,20,31,34.3
"Latvia",2022,20004,78100,20,31,33.7
"Latvia",2023,20004,78100,20,31,34
"Latvia",2024,20004,78100,20,31,NA
"Lithuania",2000,NA,NA,33,33,31.7
"Lithuania",2001,NA,NA,33,33,32
"Lithuania",2002,NA,NA,33,33,31.9
"Lithuania",2003,NA,NA,33,33,35.5
"Lithuania",2004,NA,NA,33,33,37
"Lithuania",2005,NA,NA,33,33,35.3
"Lithuania",2006,NA,NA,29.975342,29.975342,34.4
"Lithuania",2007,NA,NA,27,27,34.8
"Lithuania",2008,NA,NA,24,24,35.7
"Lithuania",2009,NA,NA,15,15,37.2
"Lithuania",2010,NA,NA,15,15,33.6
"Lithuania",2011,NA,NA,15,15,32.5
"Lithuania",2012,NA,NA,15,15,35.1
"Lithuania",2013,NA,NA,15,15,35.3
"Lithuania",2014,NA,NA,15,15,37.7
"Lithuania",2015,NA,NA,15,15,37.4
"Lithuania",2016,NA,NA,15,15,38.4
"Lithuania",2017,NA,NA,15,15,37.3
"Lithuania",2018,NA,NA,15,15,35.7
"Lithuania",2019,136344,136344,20,27,35.3
"Lithuania",2020,104278,104278,20,32,36
"Lithuania",2021,81162,81162,20,32,36.7
"Lithuania",2022,90246,90246,20,32,36.6
"Lithuania",2023,101094,101094,20,32,36
"Lithuania",2024,114162,114162,20,32,NA
"Luxembourg",2000,6693.12517,20748.68802,0,28,30.1
"Luxembourg",2001,9667.847466,23351.57003,0,28,30.9
"Luxembourg",2002,9750,22950,0,22,31.1
"Luxembourg",2003,9750,22950,0,22,30.2
"Luxembourg",2004,9750,22950,0,22,30.2
"Luxembourg",2005,9750,22950,0,22,30.8
"Luxembourg",2006,9750,22950,0,22,30.9
"Luxembourg",2007,9750,22950,0,22,31.1
"Luxembourg",2008,10335,24327,0,22,32.6
"Luxembourg",2009,11265,26529,0,22,31.2
"Luxembourg",2010,11265,26529,0,22,30.5
"Luxembourg",2011,11265,26529,0,22,32.1
"Luxembourg",2012,11265,26529,0,22,34.3
"Luxembourg",2013,11265,26529,0,22,32
"Luxembourg",2014,11265,26529,0,22,31.2
"Luxembourg",2015,11265,26529,0,22,32.9
"Luxembourg",2016,11265,26529,0,22,31.7
"Luxembourg",2017,11265,26457,0,18,34.5
"Luxembourg",2018,11265,26457,0,18,35.4
"Luxembourg",2019,11265,26457,0,18,34.2
"Luxembourg",2020,11265,26457,0,18,33.4
"Luxembourg",2021,11265,26457,0,18,32.7
"Luxembourg",2022,11265,26457,0,18,34.1
"Luxembourg",2023,13137,28401,8,20,33.6
"Luxembourg",2024,12438,29241,0,18,NA
"Mexico",2000,4833.96,2360200.47,3,37.5,53.4
"Mexico",2001,5153.23,2516120.47,3,37.5,NA
"Mexico",2002,5212,636169.69,3,35,50.6
"Mexico",2003,5270,220667,3,34,NA
"Mexico",2004,5270,109411,3,33,50.3
"Mexico",2005,5953,103218,3,30,50.9
"Mexico",2006,5952.84,103218,3,29,49.7
"Mexico",2007,5952.84,103218,3,28,NA
"Mexico",2008,5952.84,392841.96,1.92,28,50.8
"Mexico",2009,5952.84,392841.96,1.92,28,NA
"Mexico",2010,5952.85,392841.97,1.92,30,47.7
"Mexico",2011,5952.85,392841.97,1.92,30,NA
"Mexico",2012,5952.85,392841.97,1.92,30,49.6
"Mexico",2013,5952.85,392841.97,1.92,30,NA
"Mexico",2014,5952.85,1e+06,1.92,32,48.9
"Mexico",2015,5952.85,1000000.01,1.92,32,NA
"Mexico",2016,5952.85,1000000.01,1.92,32,46.9
"Mexico",2017,5952.85,1000000.01,1.92,32,NA
"Mexico",2018,6942.21,1166200.01,1.92,32,46
"Mexico",2019,6942.21,1166200.01,1.92,32,NA
"Mexico",2020,6942.21,1166200.01,1.92,32,44.6
"Mexico",2021,7735.01,1299380.05,1.92,32,NA
"Mexico",2022,7735.01,1299380.05,1.92,32,43.5
"Mexico",2023,8952.5,1503902.47,1.92,32,NA
"Mexico",2024,8952.5,1503902.47,1.92,32,NA
"Netherlands",2000,6922.417196,48897.54097,4.5,60,NA
"Netherlands",2001,14869.9239,46308.9239,2.95,52,NA
"Netherlands",2002,15331,47746,2.95,52,NA
"Netherlands",2003,15883,49464,1.7,52,NA
"Netherlands",2004,16265,50652,1,52,29.8
"Netherlands",2005,16893,51762,1.8,52,29
"Netherlands",2006,17046,52228,2.45,52,30
"Netherlands",2007,17319,53064,2.5,52,29.6
"Netherlands",2008,17579,53860,2.45,52,29.3
"Netherlands",2009,17878,54776,2.35,52,27.9
"Netherlands",2010,18218,54367,2.3,52,27.8
"Netherlands",2011,18628,55694,1.85,52,27.8
"Netherlands",2012,18945,56491,1.95,52,27.6
"Netherlands",2013,19645,55991,5.85,52,28.1
"Netherlands",2014,19645,56531,5.1,52,28.6
"Netherlands",2015,19822,57585,8.35,52,28.2
"Netherlands",2016,19922,66421,8.4,52,28.2
"Netherlands",2017,19982,67072,8.9,52,28.5
"Netherlands",2018,20142,68507,8.9,51.95,28.1
"Netherlands",2019,20384,68507,9,51.75,29.2
"Netherlands",2020,34712,68507,9.7,49.5,26
"Netherlands",2021,35129,68507,9.45,49.5,25.7
"Netherlands",2022,35472,69398,9.42,49.5,NA
"Netherlands",2023,37149,73031,9.28,49.5,NA
"Netherlands",2024,38098,75518,9.32,49.5,NA
"New Zealand",2000,9500,60000,15,39,NA
"New Zealand",2001,9500,60000,15,39,NA
"New Zealand",2002,9500,60000,15,39,NA
"New Zealand",2003,9500,60000,15,39,NA
"New Zealand",2004,9500,60000,15,39,NA
"New Zealand",2005,9500,60000,15,39,NA
"New Zealand",2006,9500,60000,15,39,NA
"New Zealand",2007,9500,60000,15,39,NA
"New Zealand",2008,9500,70000,13.75,39,NA
"New Zealand",2009,14000,70000,12.5,38,NA
"New Zealand",2010,14000,70000,11.5,35.5,NA
"New Zealand",2011,14000,70000,10.5,33,NA
"New Zealand",2012,14000,70000,10.5,33,NA
"New Zealand",2013,14000,70000,10.5,33,NA
"New Zealand",2014,14000,70000,10.5,33,NA
"New Zealand",2015,14000,70000,10.5,33,NA
"New Zealand",2016,14000,70000,10.5,33,NA
"New Zealand",2017,14000,70000,10.5,33,NA
"New Zealand",2018,14000,70000,10.5,33,NA
"New Zealand",2019,14000,70000,10.5,33,NA
"New Zealand",2020,14000,70000,10.5,33,NA
"New Zealand",2021,14000,180000,10.5,39,NA
"New Zealand",2022,14000,180000,10.5,39,NA
"New Zealand",2023,14000,180000,10.5,39,NA
"New Zealand",2024,15070,180000,10.5,39,NA
"Norway",2000,277800,762700,10.35,29.85,27.4
"Norway",2001,289000,793000,8.9,28.4,NA
"Norway",2002,320000,830000,13.7,33.2,NA
"Norway",2003,340700,872000,11.76,31.26,27.6
"Norway",2004,354300,906900,12.2,31.7,31.6
"Norway",2005,381000,8e+05,11.8,27.3,30.6
"Norway",2006,394000,750000,11.8,23.8,26.4
"Norway",2007,4e+05,650000,12.6,24.6,27.1
"Norway",2008,420000,682500,13.3,25.3,27
"Norway",2009,441000,716600,12.55,24.55,26.2
"Norway",2010,456400,741700,12.55,24.55,25.7
"Norway",2011,456400,741700,14.05,26.05,25.3
"Norway",2012,490000,796400,13.75,25.75,25.7
"Norway",2013,509600,828300,13.75,25.75,26.4
"Norway",2014,527400,857300,12.95,24.95,26.8
"Norway",2015,550550,885600,13.15,25.15,27.5
"Norway",2016,159800,909500,10.55,24.25,28.5
"Norway",2017,164100,934050,9.55,24.07,27
"Norway",2018,169000,962050,8.55,23.95,27.6
"Norway",2019,174500,964800,7.85,24.05,27.7
"Norway",2020,180800,999550,8.45,24.65,28.4
"Norway",2021,184800,1021550,7.15,23.35,29.1
"Norway",2022,190350,2e+06,8.65,26.05,26.9
"Norway",2023,198350,1500000,0,17.5,26.5
"Norway",2024,208050,1350000,8.7,26.3,NA
"Poland",2000,65472,65472,30,40,33
"Poland",2001,37024,74048,19,40,32.8
"Poland",2002,74048,74048,30,40,34.1
"Poland",2003,74048,74048,30,40,34.9
"Poland",2004,74048,74048,30,40,38
"Poland",2005,74048,74048,30,40,35.8
"Poland",2006,74048,74048,30,40,34.7
"Poland",2007,85528,85528,30,40,34
"Poland",2008,85528,85528,30,40,33.5
"Poland",2009,85528,85528,18,32,33.4
"Poland",2010,85528,85528,18,32,33.2
"Poland",2011,85528,85528,18,32,33.2
"Poland",2012,85528,85528,18,32,33
"Poland",2013,85528,85528,18,32,33.1
"Poland",2014,85528,85528,18,32,32.8
"Poland",2015,85528,85528,18,32,31.8
"Poland",2016,85528,85528,18,32,31.2
"Poland",2017,85528,85528,18,32,29.7
"Poland",2018,85528,85528,18,32,30.2
"Poland",2019,85528,85528,17.75,32,28.8
"Poland",2020,85528,85528,17,32,28.5
"Poland",2021,85528,85528,17,32,28.5
"Poland",2022,120000,120000,22,32,28.9
"Poland",2023,120000,120000,12,32,28.5
"Poland",2024,120000,120000,12,32,NA
"Portugal",2000,3641.22,32825.89,14,40,NA
"Portugal",2001,3990.38,49879.79,12,40,NA
"Portugal",2002,4100.12,51251.48,12,40,NA
"Portugal",2003,4182.12,52276.51,12,40,38.8
"Portugal",2004,4266,53322,12,40,38.9
"Portugal",2005,4351,54388,10.5,40,38.5
"Portugal",2006,4451,60000,10.5,42,38.1
"Portugal",2007,4454,61260,10.5,42,36.8
"Portugal",2008,4639,62546,10.5,42,36.6
"Portugal",2009,4755,64110,10.5,42,34.9
"Portugal",2010,4793,150000,11.08,45.88,35.8
"Portugal",2011,4898,153300,11.5,46.5,36.3
"Portugal",2012,4898,153300,11.5,46.5,36
"Portugal",2013,7000,80000,14.5,48,36.2
"Portugal",2014,7000,80000,14.5,48,35.6
"Portugal",2015,7000,80000,14.5,48,35.5
"Portugal",2016,7035,80000,14.5,48,35.2
"Portugal",2017,7091,80640,14.5,48,33.8
"Portugal",2018,7091,80640,14.5,48,33.5
"Portugal",2019,7091,80640,14.5,48,32.8
"Portugal",2020,7112,80882,14.5,48,34.7
"Portugal",2021,7112,80882,14.5,48,34.6
"Portugal",2022,7116,75009,14.5,48,36.3
"Portugal",2023,7479,78834,14.5,48,33.9
"Portugal",2024,7703,81199,13,48,NA
"Slovak Republic",2000,2987.452699,37442.74049,12,42,NA
"Slovak Republic",2001,2987.452699,37442.74049,12,42,NA
"Slovak Republic",2002,2987.452699,18721.37025,10,38,NA
"Slovak Republic",2003,2987.452699,18721.37025,10,38,NA
"Slovak Republic",2004,NA,NA,19,19,27.1
"Slovak Republic",2005,NA,NA,19,19,29.3
"Slovak Republic",2006,NA,NA,19,19,25.8
"Slovak Republic",2007,NA,NA,19,19,24.7
"Slovak Republic",2008,NA,NA,19,19,26
"Slovak Republic",2009,NA,NA,19,19,27.2
"Slovak Republic",2010,NA,NA,19,19,27.3
"Slovak Republic",2011,NA,NA,19,19,26.5
"Slovak Republic",2012,NA,NA,19,19,26.1
"Slovak Republic",2013,34401.74,34401.74,19,25,28.1
"Slovak Republic",2014,35022.312,35022.312,19,25,26.1
"Slovak Republic",2015,35022.312,35022.312,19,25,26.5
"Slovak Republic",2016,35022.312,35022.312,19,25,25.2
"Slovak Republic",2017,35022.312,35022.312,19,25,23.2
"Slovak Republic",2018,35268.064,35268.064,19,25,25
"Slovak Republic",2019,36256.376,36256.376,19,25,23.2
"Slovak Republic",2020,37163.36,37163.36,19,25,24.2
"Slovak Republic",2021,37981.94,37981.94,19,25,24.1
"Slovak Republic",2022,38553.01,38553.01,19,25,24.1
"Slovak Republic",2023,41445.46,41445.46,19,25,23.8
"Slovak Republic",2024,47537.98,47537.98,19,25,NA
"Slovenia",2000,4770.47,28622.81,17,50,NA
"Slovenia",2001,5338.16,32028.93,17,50,NA
"Slovenia",2002,5855.96,35135.73,17,50,29.1
"Slovenia",2003,6295.16,37770.91,17,50,30.9
"Slovenia",2004,6653.98,166.599316,17,50,24.8
"Slovenia",2005,5424.8,43106.33,16,50,24.6
"Slovenia",2006,5538.72,44011.56,16,50,24.4
"Slovenia",2007,6800,13600,16,41,24.4
"Slovenia",2008,7187.6,14375.2,16,41,23.7
"Slovenia",2009,7410.42,14820.83,16,41,24.8
"Slovenia",2010,7528.99,15057.96,16,41,24.9
"Slovenia",2011,7634.4,15268.77,16,41,24.9
"Slovenia",2012,7840.53,15681.03,16,41,25.6
"Slovenia",2013,8021.34,70907.2,16,50,26.2
"Slovenia",2014,8021.34,70907.2,16,50,25.7
"Slovenia",2015,8021.34,70907.2,16,50,25.4
"Slovenia",2016,8021.34,70907.2,16,50,24.8
"Slovenia",2017,8021.34,70907.2,16,50,24.2
"Slovenia",2018,8021.34,70907.2,16,50,24.6
"Slovenia",2019,8021.34,70907.2,16,50,24.4
"Slovenia",2020,8500,72000,16,50,24
"Slovenia",2021,8500,72000,16,50,24.3
"Slovenia",2022,8755,74160,16,45,24.3
"Slovenia",2023,8755,74160,16,50,24.7
"Slovenia",2024,8755,74160,16,50,NA
"Spain",2000,3678.194079,67433.55811,15,39.6,34.1
"Spain",2001,3678,67434,15,39.6,NA
"Spain",2002,3678.19,67433.56,15,39.6,NA
"Spain",2003,4000,45000,9.06,29.16,31.8
"Spain",2004,4000,45000,9.06,29.16,33.3
"Spain",2005,4080,45900,9.06,29.16,32.4
"Spain",2006,4161.6,46818,9.06,29.16,33.5
"Spain",2007,17360,52360,15.66,27.13,34.1
"Spain",2008,17707.2,53407.2,15.66,27.13,34.2
"Spain",2009,17707.2,53407.2,15.66,27.13,34.9
"Spain",2010,17707.2,53407.2,15.66,27.13,35.2
"Spain",2011,17707.2,175000,12,23.5,35.7
"Spain",2012,17707.2,3e+05,12.75,30.5,35.4
"Spain",2013,17707.2,3e+05,12.75,30.5,36.2
"Spain",2014,17707.2,3e+05,12.75,30.5,36.1
"Spain",2015,12450,60000,9.5,22.5,36.2
"Spain",2016,12450,60000,9.5,22.5,35.8
"Spain",2017,12450,60000,9.5,22.5,34.7
"Spain",2018,12450,60000,9.5,22.5,34.7
"Spain",2019,12450,60000,9.5,22.5,34.3
"Spain",2020,12450,60000,9.5,22.5,34.9
"Spain",2021,12450,3e+05,9.5,24.5,33.9
"Spain",2022,12450,3e+05,9.5,24.5,33.6
"Spain",2023,12450,3e+05,9.5,24.5,33.4
"Spain",2024,12450,3e+05,9.5,24.5,NA
"Sweden",2000,232600,374000,0,25,27
"Sweden",2001,252000,390400,0,25,26.5
"Sweden",2002,273800,414200,0,25,26.2
"Sweden",2003,284300,430000,0,25,25.3
"Sweden",2004,291800,441300,0,25,26.1
"Sweden",2005,298600,450500,0,25,26.8
"Sweden",2006,306000,460600,0,25,26.4
"Sweden",2007,316700,476700,0,25,27.1
"Sweden",2008,328800,495000,0,25,28.1
"Sweden",2009,367600,526200,0,25,27.3
"Sweden",2010,372100,532700,0,25,27.7
"Sweden",2011,383000,548300,0,25,27.6
"Sweden",2012,401100,574300,0,25,27.6
"Sweden",2013,413200,591600,0,25,28.8
"Sweden",2014,420800,602600,0,25,28.4
"Sweden",2015,430200,616100,0,25,29.2
"Sweden",2016,430200,625800,0,25,29.6
"Sweden",2017,438900,638500,0,25,28.8
"Sweden",2018,455300,662300,0,25,30
"Sweden",2019,490700,689300,0,25,29.3
"Sweden",2020,509300,509300,0,20,28.9
"Sweden",2021,523200,523200,0,20,29.8
"Sweden",2022,540700,540700,0,20,31.6
"Sweden",2023,598500,598500,0,20,29.3
"Sweden",2024,598500,598500,0,20,NA
"Switzerland",2000,16100,154700,0,11,33.4
"Switzerland",2001,16100,154700,0,11,NA
"Switzerland",2002,16100,154700,0,11,31.7
"Switzerland",2003,16100,154700,0,11,NA
"Switzerland",2004,16100,154700,0,11,31.6
"Switzerland",2005,16100,154700,0,11,NA
"Switzerland",2006,16900,166200,0,11,33.9
"Switzerland",2007,16900,166200,0,11,34.3
"Switzerland",2008,13600,166200,0,11,33.8
"Switzerland",2009,13600,166200,0,11,32.9
"Switzerland",2010,13600,166200,0,11,32.6
"Switzerland",2011,14400,175000,0,11,31.7
"Switzerland",2012,14500,176000,0,11,31.6
"Switzerland",2013,14500,176000,0,11,32.5
"Switzerland",2014,14500,176000,0,11,32.5
"Switzerland",2015,14500,176000,0,11,32.3
"Switzerland",2016,14500,176000,0,11,33
"Switzerland",2017,14500,176000,0,11,32.7
"Switzerland",2018,14500,176000,0,11,33.1
"Switzerland",2019,14500,176000,0,11,34
"Switzerland",2020,14500,176000,0,11,33.7
"Switzerland",2021,14500,176000,0,11,33.8
"Switzerland",2022,14500,176000,0,11,33.8
"Switzerland",2023,14800,179400,0,11,NA
"Switzerland",2024,1500,182600,0,11,NA
"T??rkiye",2000,2.5e+09,6.25e+10,15,40,NA
"T??rkiye",2001,2.8e+09,7e+10,15,40,NA
"T??rkiye",2002,3.8e+09,9.5e+10,15,40,41.4
"T??rkiye",2003,5e+09,1.2e+11,15,40,42.2
"T??rkiye",2004,6e+09,1.4e+11,15,40,41.3
"T??rkiye",2005,6600,78000,15,35,42.6
"T??rkiye",2006,7000,40000,15,35,39.6
"T??rkiye",2007,7500,43000,15,35,38.4
"T??rkiye",2008,7800,44700,15,35,39
"T??rkiye",2009,8700,50000,15,35,39
"T??rkiye",2010,8800,76200,15,35,38.8
"T??rkiye",2011,9400,80000,15,35,40
"T??rkiye",2012,10000,88000,15,35,40.2
"T??rkiye",2013,10700,94000,15,35,40.2
"T??rkiye",2014,11000,97000,15,35,41.2
"T??rkiye",2015,12000,106000,15,35,42.9
"T??rkiye",2016,12600,110000,15,35,41.9
"T??rkiye",2017,13000,110000,15,35,43.5
"T??rkiye",2018,14800,120000,15,35,42.4
"T??rkiye",2019,18000,148000,15,35,43.8
"T??rkiye",2020,22000,6e+05,15,40,43
"T??rkiye",2021,24000,650000,15,40,44.4
"T??rkiye",2022,32000,880000,15,40,44.5
"T??rkiye",2023,70000,1900000,15,40,NA
"T??rkiye",2024,110000,3e+06,15,40,NA
"United Kingdom",2000,1520,28400,10,40,38.8
"United Kingdom",2001,1880,29400,10,40,37.1
"United Kingdom",2002,1920,29900,10,40,35.1
"United Kingdom",2003,1960,30500,10,40,34.9
"United Kingdom",2004,2020,31400,10,40,34.8
"United Kingdom",2005,2090,32400,10,40,35.5
"United Kingdom",2006,2150,33300,10,40,35.9
"United Kingdom",2007,2230,34600,10,40,34.4
"United Kingdom",2008,34800,34800,20,40,35.4
"United Kingdom",2009,37400,37400,20,40,35.1
"United Kingdom",2010,37400,150000,20,50,33.7
"United Kingdom",2011,35000,150000,20,50,33.2
"United Kingdom",2012,34370,150000,20,50,33.1
"United Kingdom",2013,32010,150000,20,45,32.7
"United Kingdom",2014,31865,150000,20,45,33.1
"United Kingdom",2015,31785,150000,20,45,33.3
"United Kingdom",2016,32000,150000,20,45,33.1
"United Kingdom",2017,33500,150000,20,45,32.6
"United Kingdom",2018,34500,150000,20,45,33.7
"United Kingdom",2019,37500,150000,20,45,32.8
"United Kingdom",2020,37500,150000,20,45,32.6
"United Kingdom",2021,37700,150000,20,45,32.4
"United Kingdom",2022,37700,150000,20,45,NA
"United Kingdom",2023,37700,125140,20,45,NA
"United Kingdom",2024,37700,125140,20,45,NA
"United States",2000,26250,288350,15,39.6,40.1
"United States",2001,6000,297370,10,39.1,40.6
"United States",2002,6000,307050,10,38.6,40.4
"United States",2003,7000,311950,10,35,40.8
"United States",2004,7150,319100,10,35,40.5
"United States",2005,7300,326450,10,35,41.3
"United States",2006,7550,336550,10,35,41.7
"United States",2007,7825,349700,10,35,41.1
"United States",2008,8025,357700,10,35,41.1
"United States",2009,8350,372950,10,35,40.8
"United States",2010,8375,373650,10,35,40.2
"United States",2011,8500,379150,10,35,41.2
"United States",2012,8700,388350,10,35,41.2
"United States",2013,8925,4e+05,10,39.6,40.9
"United States",2014,9075,406750,10,39.6,41.7
"United States",2015,9225,413200,10,39.6,41.5
"United States",2016,9275,415050,10,39.6,41.3
"United States",2017,9325,418400,10,39.6,41.4
"United States",2018,9525,5e+05,10,37,41.8
"United States",2019,9700,510300,10,37,41.9
"United States",2020,9875,518400,10,37,40
"United States",2021,9950,523600,10,37,39.7
"United States",2022,10275,539900,10,37,41.7
"United States",2023,11000,578125,10,37,41.8
"United States",2024,11600,609350,10,37,NA
