"country","year","incthrl","incthrh","marratel","marrateh","gini","socbene","ppp","gdppcap"
"Australia",2000,6000,60000,0,47,NA,8.22530489697558,1.31208,27496.9
"Australia",2001,6000,60000,0,47,33.5,8.02932617116612,1.327545,28522.9
"Australia",2002,6000,60000,0,47,NA,7.7848799916464,1.33649,30004.3
"Australia",2003,6000,62500,0,47,33.5,8.19184005009989,1.351978,31111.4
"Australia",2004,6000,70000,0,47,33.1,7.87448890423225,1.36477,32851.5
"Australia",2005,6000,95000,0,47,NA,7.59975192473053,1.388356,34384.5
"Australia",2006,6000,95000,0,47,NA,7.36268349195642,1.402633,36171.2
"Australia",2007,6000,150000,0,45,NA,7.18679318377518,1.42652,38074.4
"Australia",2008,6000,150000,0,45,35.4,8.72703997977108,1.479073,39237.4
"Australia",2009,6000,180000,0,45,NA,7.49957013652464,1.442566,40302.7
"Australia",2010,6000,180000,0,45,34.7,7.34474155803085,1.503623,41173.9
"Australia",2011,6000,180000,0,45,NA,7.40607672982121,1.511052,43418.2
"Australia",2012,6000,180000,0,45,NA,7.47850319812297,1.540115,43200.5
"Australia",2013,18200,180000,0,45,NA,7.61499753784589,1.447123,46810.8
"Australia",2014,18200,180000,0,45,34.4,7.71345368831123,1.452489,47236.6
"Australia",2015,18200,180000,0,45,NA,7.65644441587296,1.474079,46605
"Australia",2016,18200,180000,0,45,33.7,7.10537186921465,1.450156,48314.3
"Australia",2017,18200,180000,0,45,NA,6.76705270997426,1.477553,49486
"Australia",2018,18200,180000,0,45,34.3,6.47713643465964,1.470403,51536.6
"Australia",2019,18200,180000,0,45,NA,7.33919354692746,1.459253,53840.8
"Australia",2020,18200,180000,0,45,33.8,7.76462047524107,1.431163,53862.1
"Australia",2021,18200,180000,0,45,NA,6.69274963177746,1.395724,61398.5
"Australia",2022,18200,180000,0,45,NA,5.64199714941291,1.359891,69959.8
"Australia",2023,18200,180000,0,45,NA,5.81240846633893,1.366149,71785.1
"Australia",2024,18200,180000,0,45,NA,NA,1.379937,72360.1
"Austria",2000,3633.6,29069,0,42.93,29,18.7738232657774,0.907505,29214.7
"Austria",2001,3633.6,35421,0,45.5,NA,18.6099902143,0.922895,29556.4
"Austria",2002,3640,50870,0,50,NA,18.8878060767981,0.899797,30951.6
"Austria",2003,3640,50870,0,50,29.5,19.1429736973158,0.888119,31975.3
"Austria",2004,3640,50870,0,50,29.8,18.8531198236372,0.878053,33533.3
"Austria",2005,10000,51000,0,50,28.7,18.4203373920163,0.881939,34787.5
"Austria",2006,10000,51000,0,50,29.6,18.056120332666,0.86003,37399.1
"Austria",2007,10000,51000,0,50,30.6,17.4493778919433,0.867981,39195.2
"Austria",2008,10000,51000,0,50,30.4,17.649854454942,0.854424,41046.5
"Austria",2009,11000,60000,0,50,31.5,19.1019009824568,0.843756,40674.5
"Austria",2010,11000,60000,0,50,30.3,19.2407357322792,0.842336,41751.8
"Austria",2011,11000,60000,0,50,30.8,18.5621956942377,0.831374,44187.9
"Austria",2012,11000,60000,0,50,30.5,18.7201112972589,0.813648,46176.6
"Austria",2013,11000,60000,0,50,30.8,19.1415121550169,0.797081,47534.2
"Austria",2014,11000,60000,0,50,30.5,19.2199450340263,0.798797,48368.9
"Austria",2015,11000,60000,0,50,30.5,19.0188074999961,0.798599,49638.4
"Austria",2016,11000,1e+06,0,55,30.8,18.7778969699739,0.776931,52379
"Austria",2017,11000,1e+06,0,55,29.7,18.3485121751326,0.775009,53884.9
"Austria",2018,11000,1e+06,0,55,30.8,17.9923370645155,0.765403,56654.6
"Austria",2019,11000,1e+06,0,55,30.2,17.9421570155642,0.738332,60370.5
"Austria",2020,11000,1e+06,0,55,29.8,20.32294412024,0.728799,58522.8
"Austria",2021,11000,1e+06,0,55,30.7,19.4350490217243,0.72035,62998.8
"Austria",2022,11000,1e+06,0,55,30.9,18.1618414367837,0.700477,70865.6
"Austria",2023,11693,1e+06,0,0.55,31.2,18.3412461146199,0.735286,71173.5
"Austria",2024,12816,1e+06,0,55,NA,19.622878333349,0.733163,73427.6
"Belgium",2000,6395.6529,61229.701,25,55,33.1,14.5222415167699,0.9,27788
"Belgium",2001,6570,62790,25,55,NA,14.6745284107396,0.892366,28796.5
"Belgium",2002,6730,43870,25,52,NA,15.1747501151851,0.8733,30282.3
"Belgium",2003,6840,29740,25,50,28.1,15.4170942979415,0.876064,30934.6
"Belgium",2004,6950,30210,25,50,30.5,15.1689729488979,0.888301,32064
"Belgium",2005,7100,30840,25,50,29.3,15.0554642404663,0.891788,33177.9
"Belgium",2006,7290,31700,25,50,28.1,14.8478786042814,0.874274,35259
"Belgium",2007,7420,32270,25,50,29.2,14.7847222606207,0.878774,36799.5
"Belgium",2008,7560,32860,25,50,28.4,15.3711046499562,0.86694,37883.3
"Belgium",2009,7900,34360,25,50,28.6,16.7360250581693,0.850135,37886
"Belgium",2010,7900,34330,25,50,28.4,16.4349481227962,0.836717,39844.4
"Belgium",2011,8070,35060,25,50,28.1,16.4163313930677,0.831911,41244.8
"Belgium",2012,8350,36300,25,50,27.5,16.8651492814903,0.822137,42483.5
"Belgium",2013,8590,37330,25,50,27.7,17.2914043337794,0.806166,43864
"Belgium",2014,8680,37750,25,50,28.1,17.0969949251565,0.800214,45147.6
"Belgium",2015,8710,37870,25,50,27.7,17.0198152756186,0.799784,46084.3
"Belgium",2016,10860,38080,25,50,27.6,17.0039659987896,0.781011,48414.5
"Belgium",2017,11070,38830,25,50,27.4,16.9495443465961,0.775634,50256
"Belgium",2018,9120,39660,25,50,27.2,16.84970221449,0.766407,52466.7
"Belgium",2019,9310,40480,25,50,27.2,16.6983317582479,0.735832,56712.4
"Belgium",2020,13440,41060,25,50,26,19.7399293456897,0.716165,56119.7
"Belgium",2021,13540,41360,25,50,26.6,17.8973028602866,0.719916,60668.8
"Belgium",2022,13870,42370,25,50,26.4,16.9194477695088,0.708092,67867.4
"Belgium",2023,15200,46440,25,50,26.8,17.0609633878358,0.732409,69818.4
"Belgium",2024,15820,48320,25,50,NA,17.6176476183505,0.716744,73065.3
"Canada",2000,30004,60009,17,29,33.4,8.66825004904748,1.227599,29399
"Canada",2001,30754,1e+05,16,29,33.6,8.95685002660451,1.220464,30279.4
"Canada",2002,31677,103000,16,29,33.6,8.80083170393753,1.229333,31014.9
"Canada",2003,32183,104648,16,29,33.8,8.64070605468672,1.225714,32393.3
"Canada",2004,35000,113804,16,29,33.8,8.41673959801786,1.232662,33969.8
"Canada",2005,35595,115739,15,29,33.6,8.22726665212896,1.213644,36373.7
"Canada",2006,36378,118285,15.25,29,34.1,8.44091022073975,1.205365,38169.3
"Canada",2007,37178,120887,15,29,33.8,8.51044679433668,1.212099,39624
"Canada",2008,37885,123184,15,29,33.9,8.61577957334791,1.23439,40434.3
"Canada",2009,40726,126264,15,29,34,9.78487068949059,1.202244,38919.5
"Canada",2010,40970,127021,15,29,33.6,9.70062087046712,1.22182,40153.1
"Canada",2011,41544,128800,15,29,32.7,9.26038139570015,1.239904,41716.3
"Canada",2012,42707,132406,15,29,33.5,9.17293718643981,1.244607,42352
"Canada",2013,43561,135054,15,29,33.8,9.21441852714185,1.224,44362.6
"Canada",2014,43953,136270,15,29,33.2,8.96256349948719,1.230358,45816.1
"Canada",2015,44701,138586,15,29,33.7,9.6284190287479,1.248004,44704.5
"Canada",2016,45282,2e+05,15,33,32.7,9.97770959277426,1.207045,46545.8
"Canada",2017,45916,202800,15,33,33.3,9.98598083471259,1.212304,48384.6
"Canada",2018,46605,205842,15,33,32.5,9.91297930155322,1.206524,50068.1
"Canada",2019,47630,210371,15,33,31.7,10.0174492762894,1.21786,50584.1
"Canada",2020,48535,214368,15,33,29.9,15.6128702780916,1.201689,48630.2
"Canada",2021,49020,216511,15,33,31.1,12.3450105646383,1.163492,57022.6
"Canada",2022,50197,221708,15,33,NA,10.0533508246403,1.151671,63926.7
"Canada",2023,53395,235675,15,33,NA,10.2261905167683,1.13542,65021.3
"Canada",2024,55867,246752,15,33,NA,10.5756968778907,1.135486,65762.8
"Chile",2000,3312000,39744000,0,45,52.8,NA,290.42564,9523.8
"Chile",2001,3422880,41074560,0,45,NA,NA,296.175046,9912.8
"Chile",2002,4761018,52900200,0,43,NA,NA,301.372381,10257.3
"Chile",2003,4817718,53530200,0,40,51.5,NA,308.248336,10808.8
"Chile",2004,4909896,54554400,0,40,NA,NA,321.277808,11682.6
"Chile",2005,5114502,56827800,0,40,NA,NA,333.69,12600.9
"Chile",2006,5217372,57970800,0,40,47.7,NA,318.574722,15589.2
"Chile",2007,5543964,61599600,0,40,NA,NA,323.878962,16771.2
"Chile",2008,6099624,67773600,0,40,NA,NA,340.400833,16449.6
"Chile",2009,5971806,66353400,0,40,47.4,NA,354.325885,16028.5
"Chile",2010,6092010,67689000,0,40,NA,NA,359.83702,18040.4
"Chile",2011,6321402,70237800,0,40,46.9,NA,348.016847,20235.7
"Chile",2012,6513372,72370800,0,40,NA,NA,347.228507,21462.1
"Chile",2013,6605064,73389600,0,40,46.8,NA,349.680536,22294.6
"Chile",2014,69998076,77756400,0,40,NA,NA,367.213907,22649.4
"Chile",2015,7282710,80919000,0,40,45.3,NA,391.360578,22551.3
"Chile",2016,7481646.01,83129400.01,0,40,NA,NA,397.250703,23375.6
"Chile",2017,7609464,67639680,0,35.5,45.3,NA,397.689401,24466.1
"Chile",2018,7833186,69628320,0,35.5,NA,NA,396.229413,25492.3
"Chile",2019,8038926,71457120,0,35,NA,NA,397.674408,25733.8
"Chile",2020,8266698,73481760,0,35,47,NA,409.841785,25257.9
"Chile",2021,8775702,201516120,0,40,NA,NA,423.013786,28774.3
"Chile",2022,9436176,216682560,0,40,43,NA,436.527891,30395.6
"Chile",2023,10258812,235572720,0,40,NA,NA,437.098886,32306.5
"Chile",2024,10686654,245397240,0,40,NA,NA,455.204936,34083.5
"Colombia",2000,15800000,7.5e+07,0,35,58.4,NA,743.254866,NA
"Colombia",2001,17200000,7.7e+07,0,35,57.3,NA,779.778986,7453.2
"Colombia",2002,18600000,83200000,0,35,56,NA,819.642123,7604.1
"Colombia",2003,19700000,90100000,0,35,53.6,NA,878.84745,7776.1
"Colombia",2004,20400000,9.6e+07,0,35,55,NA,922.900219,8269.1
"Colombia",2005,21644000,95958000,0,35,53.9,8.21788506264092,961.019959,8676.1
"Colombia",2006,22742000,100154000,0,35,NA,8.30363413381411,986.396773,9433.2
"Colombia",2007,22862000,85993000,0,34,NA,8.33290549023818,1010.402682,10228.2
"Colombia",2008,24039000,90421000,0,33,55.3,8.41772390956744,1067.501015,10651.5
"Colombia",2009,25902000,97428000,0,33,54.3,9.08021548166372,1103.811854,10720.9
"Colombia",2010,26765000,100676000,0,33,54.6,8.97805389111495,1132.203391,11206.2
"Colombia",2011,27394000,103041000,0,33,53.5,8.75250192642277,1179.998238,12108.2
"Colombia",2012,28393000,106801000,0,33,52.6,9.0116082801831,1215.696024,12530.8
"Colombia",2013,29257000,110048000,0,33,52.6,9.26489966993095,1218.821028,13266
"Colombia",2014,29959000,112689000,0,33,52.5,9.76768999466511,1232.8894,13777.2
"Colombia",2015,30824000,115944000,0,33,51,9.94889970324049,1289.323671,13762.8
"Colombia",2016,32431000,121987000,0,33,50.6,10.1380903978087,1298.142605,14514.2
"Colombia",2017,34726000,130622000,0,33,49.7,10.1436112598876,1328.016627,14930.9
"Colombia",2018,36140000,135940000,0,33,50.4,10.0896849637221,1322.160543,15814.7
"Colombia",2019,37345000,1062370000,0,39,51.3,10.1742529724508,1312.630441,16712.4
"Colombia",2020,38812000,1103817000,0,39,53.5,11.5453528444992,1270.743624,15950.5
"Colombia",2021,39576000,1125548000,0,39,55.1,10.51579948249,1340.326407,17817.1
"Colombia",2022,41424000,1178124000,0,39,54.8,9.78642207522506,1373.870548,21205.1
"Colombia",2023,46229000,1314772000,0,39,53.9,10.7745231805382,1445.979656,21475.3
"Colombia",2024,51301000,1459015000,0,39,NA,11.223083843438,1500.145281,NA
"Costa Rica",2000,2587200,3889200,0,15,47.4,2.77707579142626,144.969577,8245.5
"Costa Rica",2001,2898000,4356000,0,15,51.5,2.50213145877937,155.557427,8549.9
"Costa Rica",2002,3240000,4869600,0,15,51.8,2.54830225516937,168.160883,8821.6
"Costa Rica",2003,3552000,5340000,0,15,49.3,2.44670439194321,182.465688,9234
"Costa Rica",2004,3876000,5820000,0,15,48.4,2.32582570537296,201.418699,9747.1
"Costa Rica",2005,4404000,6612000,0,15,47.5,2.24265011516444,220.709011,10292.6
"Costa Rica",2006,5028000,7548000,0,15,49.3,2.18901657924916,241.90248,11221.2
"Costa Rica",2007,5616000,8424000,0,15,49.3,2.2032755001937,260.307856,12291.6
"Costa Rica",2008,6069000,9144000,0,15,48.6,2.28665481249733,284.586636,12931.7
"Costa Rica",2009,7032000,10548000,0,15,50.6,2.5933323980843,310.207075,12714.5
"Costa Rica",2010,7428000,11148000,0,15,48,2.68204785323958,326.842192,13369.8
"Costa Rica",2011,7812000,11724000,0,15,48.8,2.85984136575299,334.89666,14068.2
"Costa Rica",2012,8220000,12336000,0,15,48.4,3.59234168921884,343.876659,14852.9
"Costa Rica",2013,8568000,12852000,0,15,49.2,3.71160029692459,347.806785,15542.4
"Costa Rica",2014,9024000,13536000,0,15,48.6,3.75478589533504,353.243788,16616
"Costa Rica",2015,9516000,14282000,0,15,48.4,3.90654702912307,353.963974,17649.3
"Costa Rica",2016,9444000,14172000,0,15,48.7,4.14740687133054,343.013617,19119.3
"Costa Rica",2017,9504000,14256000,0,15,48.3,3.9628784336169,340.991882,20368.2
"Costa Rica",2018,9588000,14388000,0,15,48,4.18204071566237,337.901936,21312.7
"Costa Rica",2019,9588000,50460000,0,25,48.2,4.29988517513271,324.21736,23082.5
"Costa Rica",2020,10080000,51900000,0,25,49.2,4.69008455557591,328.024138,21778.8
"Costa Rica",2021,10104000,52044000,0,25,48.7,4.59065929031966,334.118676,23385.8
"Costa Rica",2022,10356000,53340000,0,25,47.2,4.48151669256838,340.131024,25261
"Costa Rica",2023,11292000,58140000,0,25,46.7,4.6507946243892,328.309035,27250.2
"Costa Rica",2024,11148000,57396000,0,25,45.8,4.97452611418817,318.480268,29055.1
"Czechia",2000,102000,312000,15,32,NA,12.2112347376755,14.330601,16302.3
"Czechia",2001,109200,331200,15,32,NA,12.0139343889081,14.322067,17700.3
"Czechia",2002,109200,331200,15,32,26.6,12.2990268688902,14.458321,18334.9
"Czechia",2003,109200,331200,15,32,NA,12.1890923927987,14.175232,19588.3
"Czechia",2004,109200,331200,15,32,27.5,11.6374012760637,14.425719,20964.4
"Czechia",2005,109200,331200,15,32,26.9,11.6925290703067,14.562493,22064
"Czechia",2006,121200,331200,12,32,26.7,11.8483326402761,14.414642,23851.5
"Czechia",2007,121200,331200,12,32,26,12.1048718971931,14.255541,26205.2
"Czechia",2008,NA,NA,15,15,26.3,12.204239982326,13.916713,27820.2
"Czechia",2009,NA,NA,15,15,26.2,13.3317281311264,13.638835,27575.2
"Czechia",2010,NA,NA,15,15,26.6,13.2771230602298,13.67437,28039
"Czechia",2011,NA,NA,15,15,26.4,13.3220685386249,13.345305,29234.6
"Czechia",2012,NA,NA,15,15,26.1,13.4616085039139,13.297699,29476.9
"Czechia",2013,NA,NA,15,15,26.5,13.5372633941239,12.785271,31047.8
"Czechia",2014,NA,NA,15,15,25.9,13.1506437541786,12.70321,32811.6
"Czechia",2015,NA,NA,15,15,25.9,12.6945128705733,12.934509,34226.5
"Czechia",2016,NA,NA,15,15,25.4,12.5016570205016,12.576343,36627.3
"Czechia",2017,NA,NA,15,15,24.9,12.04778056835,12.424986,39621.6
"Czechia",2018,NA,NA,15,15,25,12.018485791869,12.371528,42015.4
"Czechia",2019,NA,NA,15,15,25.3,12.0332104517862,12.097428,46138.7
"Czechia",2020,NA,NA,15,15,26.2,14.0806318392373,12.150267,45675.7
"Czechia",2021,1701168,1701168,15,23,26.2,13.6172378286728,12.56189,47818.9
"Czechia",2022,1867728,1867728,15,23,25.9,13.2937590923637,12.774898,51289.9
"Czechia",2023,1935552,1935552,15,23,25.7,13.5383382149718,13.177331,53434.6
"Czechia",2024,2110416,2110416,15,23,NA,13.4424686410579,12.958701,57065.9
"Denmark",2000,164300,267600,7,28,23.8,16.2812093777893,8.670198,28647.7
"Denmark",2001,177900,276900,6.25,27.25,NA,16.3493286113424,8.691834,29470.4
"Denmark",2002,191200,285200,5.5,26.5,NA,16.4737097897373,8.561606,30668.6
"Denmark",2003,198000,295300,5.5,26.5,25.6,17.1458857085397,8.647378,30874.1
"Denmark",2004,254000,304800,5.5,26.6,24.9,16.8203172851745,8.459586,33029
"Denmark",2005,259500,311500,5.48,26.48,25.2,16.1688866390546,8.569438,34243.8
"Denmark",2006,265500,318700,5.48,26.48,25.9,15.2137311874166,8.28716,37403.9
"Denmark",2007,272600,327200,5.48,26.48,26.2,14.8127145999105,8.160592,39119
"Denmark",2008,279800,335800,5.48,26.48,25.2,14.5958422584253,7.944128,41474.1
"Denmark",2009,347200,347200,5.04,26.04,26.7,16.5379127988066,7.731361,40506.9
"Denmark",2010,389900,389900,3.67,18.67,27.2,17.1464350303196,7.59215,43044.9
"Denmark",2011,389900,389900,3.64,18.64,27.3,17.259379548402,7.466492,44446.6
"Denmark",2012,389900,389900,4.65,19.65,27.8,17.3487457797297,7.564136,44761.6
"Denmark",2013,421000,421000,5.83,20.83,28.5,17.3802844067468,7.354846,46883.1
"Denmark",2014,449100,449100,6.83,21.83,28.4,17.274337187974,7.328674,47880.7
"Denmark",2015,459200,459200,8.08,23.08,28.2,17.067480566374,7.303397,48919.2
"Denmark",2016,467300,467300,9.08,24.08,28.2,16.5984124668834,7.079856,51814.2
"Denmark",2017,479600,479600,10.08,25.08,28.7,16.1570473497135,6.871679,55270.4
"Denmark",2018,498900,498900,11.13,26.13,28.2,15.9071666589809,6.765997,57231.3
"Denmark",2019,513400,513400,12.16,27.16,27.7,15.8796307760657,6.538391,60568.7
"Denmark",2020,531000,531000,12.11,27.11,27.5,16.6116772723367,6.365057,62700.5
"Denmark",2021,544800,544800,12.09,27.09,28.3,15.2187369060683,6.288268,69355.4
"Denmark",2022,552500,552500,12.09,27.09,29.3,13.6998257185395,6.225096,77004
"Denmark",2023,568900,568900,12.06,27.06,29.9,14.3568889281824,6.396029,73282.7
"Denmark",2024,588900,588900,12.01,27.01,NA,14.3254699255711,6.230083,78603.5
"Estonia",2000,NA,NA,26,26,35.8,9.72350177755302,0.46886,9393.5
"Estonia",2001,NA,NA,26,26,36,9.26939227426165,0.487869,10276.1
"Estonia",2002,NA,NA,26,26,35.8,8.98546904451549,0.486245,11631.7
"Estonia",2003,NA,NA,26,26,37.2,8.97137054801609,0.485746,13093.9
"Estonia",2004,NA,NA,26,26,33.6,9.2702993512089,0.493635,14500.1
"Estonia",2005,NA,NA,24,24,33.4,8.93134032066788,0.503328,16587.6
"Estonia",2006,NA,NA,23,23,33.7,8.7206972481567,0.520794,19292.7
"Estonia",2007,NA,NA,22,22,31.2,8.47571122017085,0.551057,22164.7
"Estonia",2008,NA,NA,21,21,31.9,10.5825156326339,0.545055,22781.2
"Estonia",2009,NA,NA,21,21,31.4,14.4460915509394,0.517135,20460.1
"Estonia",2010,NA,NA,21,21,32,13.3579657958027,0.512185,21587.1
"Estonia",2011,NA,NA,21,21,32.5,11.6743324074376,0.5116,24610.5
"Estonia",2012,NA,NA,21,21,32.9,11.0794981221536,0.521063,26193
"Estonia",2013,NA,NA,21,21,35.1,10.9459619384176,0.522424,27784.7
"Estonia",2014,NA,NA,21,21,34.6,10.8585169834645,0.52689,29375.6
"Estonia",2015,NA,NA,20,20,32.7,11.6848958434818,0.537436,29768.3
"Estonia",2016,NA,NA,20,20,31.2,11.9207934540153,0.527849,31945.1
"Estonia",2017,NA,NA,20,20,30.4,11.6766165404265,0.534908,34553.4
"Estonia",2018,NA,NA,20,20,30.3,11.8978130944217,0.538757,37201
"Estonia",2019,NA,NA,20,20,30.8,11.9991304356192,0.52869,40650
"Estonia",2020,NA,NA,20,20,30.7,13.6234634935676,0.515202,40691.5
"Estonia",2021,NA,NA,20,20,31.8,12.4447941018735,0.5341,44276.1
"Estonia",2022,NA,NA,20,20,32.3,11.457834013875,0.565204,48225.3
"Estonia",2023,NA,NA,20,20,30.7,12.3360592431621,0.595604,47144.6
"Estonia",2024,NA,NA,20,20,NA,12.6338393973259,0.583732,49657.7
"Finland",2000,8005.75,52979.2,0,37.5,27.2,15.6467672635021,0.983998,26777.2
"Finland",2001,11100.4,54661.1,0,37,NA,15.2634963661635,1.002642,27801.1
"Finland",2002,11500,54700,0,36,NA,15.7700080840744,0.998133,28596.3
"Finland",2003,11600,55200,0,35,27.7,16.0367533648839,1.001946,29046.5
"Finland",2004,11700,55800,0,34,27.9,15.8698760874632,0.973183,31199.1
"Finland",2005,12000,56900,0,33.5,27.6,15.7221284296698,0.979424,32047.7
"Finland",2006,12200,58200,0,32.5,28,15.3070964532196,0.95287,34447.5
"Finland",2007,12400,60800,0,32,28.3,14.4767159024693,0.934604,37844.4
"Finland",2008,12600,62000,0,31.5,27.8,14.6309194709992,0.912125,40081.2
"Finland",2009,13100,64500,0,30.5,27.5,17.183261342064,0.896528,37968.4
"Finland",2010,15200,66400,0,30,27.7,17.3141214050716,0.900632,38950.2
"Finland",2011,15600,68200,0,30,27.6,17.0843135766867,0.898068,40845.8
"Finland",2012,16100,70300,0,29.75,27.1,17.9475790755472,0.908495,40738.9
"Finland",2013,16100,1e+05,0,31.75,27.2,18.8336928799933,0.905357,41325.6
"Finland",2014,16300,1e+05,0,31.75,26.8,19.5030482621263,0.90721,41539.6
"Finland",2015,16500,90000,0,31.75,27.1,19.7148321534597,0.907504,42261.7
"Finland",2016,16700,72300,0,31.75,27.1,19.5283635503924,0.880895,44562.4
"Finland",2017,16900,73100,0,31.5,27.4,18.9256183635506,0.863657,47235
"Finland",2018,17200,74200,0,31.25,27.3,18.4894676699511,0.853746,49242.6
"Finland",2019,17600,76100,0,31.25,27.7,18.2837353994248,0.826328,52276.2
"Finland",2020,18100,78500,0,31.25,27.1,19.5848333453193,0.802112,53285.4
"Finland",2021,18600,80500,0,31.25,27.7,18.7334180186844,0.790539,56785.5
"Finland",2022,19200,82900,0,31.25,27.9,17.6684765250719,0.780795,61338.4
"Finland",2023,19900,85800,12.64,44,27.4,18.2530199964816,0.792876,61699.8
"Finland",2024,20500,150000,12.64,44,NA,19.0228400184083,0.766726,64033.1
"France",2000,4055,45613,0,53.25,32.6,16.8068471269391,0.930251,26075.9
"France",2001,4121,46343,0,52.75,32.5,16.9221373989924,0.911679,27430.2
"France",2002,4191,47131,0,49.58,31.8,17.2180742384484,0.900678,28436.8
"France",2003,4261,47932,0,48.09,31.4,17.4318910631784,0.929842,28116.8
"France",2004,4334,48747,0,48.09,30.6,17.423068122384,0.9351,29020.6
"France",2005,4412,49624,0,48.09,29.8,17.5207685921329,0.916458,30536.1
"France",2006,5614,66679,0,40,29.7,17.5488488537074,0.894693,32547.5
"France",2007,5687,67546,0,40,32.4,17.448384089325,0.88857,34196.5
"France",2008,5852,69505,0,40,33,17.57383179505,0.881874,35192.1
"France",2009,5875,69783,0,40,32.7,19.094256850333,0.862991,34809.9
"France",2010,5963,70830,0,41,33.7,19.0908047497812,0.85478,36065.7
"France",2011,5963,70830,0,41,33.3,19.0339226980264,0.841361,37675.4
"France",2012,5963,150000,0,45,33.1,19.4651673067687,0.844301,37841.7
"France",2013,6011,151200,0,45,32.5,19.7422654230178,0.811643,39772.4
"France",2014,9690,151956,0,45,32.3,19.827312864347,0.807565,40395.7
"France",2015,9700,152108,0,45,32.7,19.7090299198474,0.808478,41060.8
"France",2016,9710,152260,0,45,31.9,19.7380280624882,0.780044,42983.8
"France",2017,9807,153783,0,45,31.6,19.5361918906235,0.770109,44527.5
"France",2018,9964,156244,0,45,32.4,19.4091245730806,0.756166,46397.5
"France",2019,10064,157806,0,45,31.2,19.3470555217591,0.705954,51119.7
"France",2020,10084,158122,0,45,30.7,22.337178805528,0.693052,49462.7
"France",2021,10225,160336,0,45,31.5,20.171629362965,0.703945,52443.3
"France",2022,10777,168994,0,45,31.2,19.2175786771742,0.69442,56042
"France",2023,11294,177106,0,45,31.8,18.7387590099066,0.708736,58329.9
"France",2024,11294,177106,0,45,NA,19.2430706271814,0.695316,61258.7
"Germany",2000,6874.8,58643,0,51,28.9,17.3329545561263,0.943092,27722.3
"Germany",2001,7206,54998,0,48.5,29.9,17.4417111130342,0.929693,28970
"Germany",2002,7235,55007,0,48.5,29.8,17.9004749568221,0.913257,29842.9
"Germany",2003,7235,55007,0,48.5,29.8,18.2517928784681,0.895887,30671.5
"Germany",2004,7664,52151,0,45,30.2,17.9289502145623,0.875038,32170.5
"Germany",2005,7664,52151,0,42,31.7,17.7414638970465,0.872721,32763.4
"Germany",2006,7664,52151,0,42,31,16.868492857084,0.84758,35263.6
"Germany",2007,7664,250000,0,45,31.2,15.8063818237603,0.837113,37495.6
"Germany",2008,7664,250000,0,45,30.8,15.6478248779584,0.820401,39078
"Germany",2009,7834,250400,0,45,30.5,17.1294762968279,0.81113,38202.7
"Germany",2010,8004,250730,0,45,30.2,16.4883797404465,0.80518,40456.4
"Germany",2011,8004,250730,0,45,30.6,15.4817959088576,0.788739,43383.6
"Germany",2012,8004,250730,0,45,31.1,15.4206438798548,0.787246,44234.1
"Germany",2013,8130,250730,0,45,31.5,15.3537788507159,0.774784,45949.1
"Germany",2014,8354,250730,0,45,30.8,15.1706333117773,0.768937,48060.5
"Germany",2015,8472,250730,0,45,31.7,15.2759124465911,0.777913,48783.3
"Germany",2016,8652,254446,0,45,31.4,15.3157382456865,0.752608,51858.6
"Germany",2017,8820,256303,0,45,31.3,15.2882143103588,0.744783,54551.3
"Germany",2018,9000,260532,0,45,31.9,15.2371412014455,0.735448,56834.1
"Germany",2019,9168,265326,0,45,31.8,15.5477372444364,0.717745,59953.3
"Germany",2020,9408,270500,0,45,32.4,17.2552105067928,0.706836,59444.3
"Germany",2021,9744,274612,0,45,NA,16.5702786814906,0.706697,63548.4
"Germany",2022,10347,277825,0,45,NA,15.4876309410712,0.69808,69246
"Germany",2023,10908,277825,0,45,NA,15.6597405736957,0.726221,69758.7
"Germany",2024,11784,277825,0,45,NA,16.3901112735824,0.713045,72693.4
"Greece",2000,5869.4,47644.9,0,45,34.4,12.760612969606,0.669688,18815.9
"Greece",2001,7403,50028,0,42.5,NA,13.0189678258195,0.668452,20306.1
"Greece",2002,8400,23400,0,40,35.5,12.9595389508623,0.662967,21985.2
"Greece",2003,10000,23400,0,40,32.8,13.4730257114851,0.685044,23255.5
"Greece",2004,10000,23400,0,40,33.6,13.1473352699969,0.694494,24828.9
"Greece",2005,11000,23000,0,40,34.6,13.9084714025196,0.708976,25003.8
"Greece",2006,11000,23000,0,40,35.1,14.2030610561734,0.692459,28082.1
"Greece",2007,12000,75000,0,40,34,14.7760777766381,0.718154,28896.9
"Greece",2008,12000,75000,0,40,33.6,16.2409929300234,0.707951,30440.9
"Greece",2009,12000,75000,0,40,33.6,17.7464737134384,0.704453,29947.8
"Greece",2010,12000,1e+05,0,45,34.1,17.9408342439212,0.722101,27841.8
"Greece",2011,5000,1e+05,0,45,34.8,19.8510884545278,0.713163,25692.5
"Greece",2012,5000,1e+05,0,45,36.3,20.8919712991827,0.684663,24583
"Greece",2013,25000,42000,22,42,36.1,19.2607093619858,0.631286,25730.9
"Greece",2014,25000,42000,22,42,35.8,19.9691213049523,0.611135,26450.3
"Greece",2015,25000,42000,22,42,36,20.001952697418,0.608907,26614.8
"Greece",2016,20000,40000,22,45,35,20.1446636018596,0.58858,27504.6
"Greece",2017,20000,40000,22,45,34.4,19.353534039802,0.575041,28681.6
"Greece",2018,20000,40000,22,45,32.9,19.0315727316765,0.564857,29792
"Greece",2019,20000,40000,22,45,33.1,18.6476798241609,0.540972,31927.4
"Greece",2020,10000,40000,9,44,33.6,20.4298068853611,0.530251,29533.1
"Greece",2021,10000,40000,9,44,32.9,19.2702587190754,0.520812,33306.8
"Greece",2022,10000,40000,9,44,33.4,17.9528719699055,0.511056,38444.9
"Greece",2023,10000,40000,9,44,33.4,17.2618488642801,0.525519,40625.4
"Greece",2024,10000,40000,9,44,NA,16.743971318258,0.518856,43478
"Hungary",2000,4e+05,1e+06,20,40,27.2,12.5709251769695,110.072623,11871.7
"Hungary",2001,480000,1050000,20,40,26.9,12.4071119746796,114.406399,13223.3
"Hungary",2002,6e+05,1200000,20,40,26.8,13.0807341314812,118.141282,14533.7
"Hungary",2003,650000,1350000,20,40,30.9,13.6693667674353,122.005454,15466.1
"Hungary",2004,8e+05,1500000,18,38,29.9,13.6770403531222,128.378355,16255.1
"Hungary",2005,1500000,1500000,18,38,34.7,14.1921057764763,130.929945,17093.4
"Hungary",2006,1550000,1550000,18,36,28.3,14.6141331025733,131.491355,18369.4
"Hungary",2007,1700000,1700000,18,36,27.9,15.0422665796822,134.036374,19092.6
"Hungary",2008,1700000,1700000,18,36,27.5,15.4784039430711,131.005355,20711
"Hungary",2009,1900000,1900000,18,36,27,15.9970643574456,127.694039,20682.7
"Hungary",2010,5e+06,5e+06,17,32,29.4,15.4523515441924,126.432497,21691.6
"Hungary",2011,NA,NA,16,16,29.2,15.1912613012155,124.271836,22995.7
"Hungary",2012,NA,NA,16,16,30.8,15.0310280096682,125.623608,23228.5
"Hungary",2013,NA,NA,16,16,31.5,14.6761115057062,124.979432,24598.2
"Hungary",2014,NA,NA,16,16,30.9,13.683072687322,129.414974,25801.1
"Hungary",2015,NA,NA,16,16,30.4,12.7946321190473,132.517954,26958.1
"Hungary",2016,NA,NA,15,15,30.3,12.4805180849618,132.033797,28182.3
"Hungary",2017,NA,NA,15,15,30.6,11.8810342575105,136.036522,29741.2
"Hungary",2018,NA,NA,15,15,NA,11.2609296545639,139.092451,32273.9
"Hungary",2019,NA,NA,15,15,NA,10.6510287252764,138.79714,35671
"Hungary",2020,NA,NA,15,15,NA,11.0177413160029,141.838435,35570.2
"Hungary",2021,NA,NA,15,15,NA,10.7136628407688,148.351175,38893.7
"Hungary",2022,NA,NA,15,15,NA,10.4147245512781,156.477418,43890.9
"Hungary",2023,NA,NA,15,15,NA,10.7657308677121,173.65191,45203.5
"Hungary",2024,NA,NA,15,15,NA,10.7717269828635,178.951775,47598.2
"Iceland",2000,3278000,3278000,26.41,33.41,NA,5.32014205255814,84.722798,30115.7
"Iceland",2001,3865000,3865000,26.08,33.08,NA,5.28027917943378,88.294875,32188
"Iceland",2002,3980000,3980000,25.75,32.75,NA,5.92299981719488,91.105413,32926.2
"Iceland",2003,4089450,4089450,25.75,30.75,26.8,6.76359403495331,92.603085,33079.3
"Iceland",2004,4191686,4191686,25.75,29.75,28,6.46650120187739,93.284087,35906.6
"Iceland",2005,4191686,4191686,24.75,26.75,29,5.88421210583936,95.840665,37935.4
"Iceland",2006,NA,NA,23.75,23.75,30.2,5.35578080638691,101.633396,40015.2
"Iceland",2007,NA,NA,22.75,22.75,29.5,5.34840512596587,107.33647,41949.7
"Iceland",2008,NA,NA,22.75,22.75,31.8,5.59303266880927,114.527003,43945.1
"Iceland",2009,NA,NA,24.1,24.1,28.7,7.48763857255868,121.97951,42034.6
"Iceland",2010,2400000,7800000,24.1,33,26.2,7.10541964048616,132.90391,40253.9
"Iceland",2011,2512800,8166600,22.9,31.8,26.8,7.74546326312176,135.152004,41369.9
"Iceland",2012,2760000,8452400,22.9,31.8,26.8,7.2133428174642,136.96767,42550.7
"Iceland",2013,2897700,8874108,22.9,31.8,25.4,6.72682390227597,137.022617,44660.7
"Iceland",2014,3480000,9415428,22.86,31.8,27.8,6.60905758543523,138.547869,46438.1
"Iceland",2015,3709680,10036847,22.86,31.8,26.8,6.06367285616104,141.936844,49686.4
"Iceland",2016,4032420,10043880,22.68,31.8,27.2,5.79757570659465,140.02995,54040.6
"Iceland",2017,10016488,10016488,22.5,31.8,26.1,6.40059495800348,138.277175,56143.9
"Iceland",2018,10724553,10724553,22.5,31.8,26.6,6.52577739855299,140.970278,57879.3
"Iceland",2019,11125045,11125045,22.5,31.8,26.8,7.25868477852092,138.667852,61094.4
"Iceland",2020,4042992,11350476,20.6,31.8,NA,9.9337659529389,143.25338,56703.5
"Iceland",2021,4188216,11758164,17,31.8,NA,9.20418239234412,142.588157,62627.5
"Iceland",2022,4445784,12481272,17,31.8,NA,7.19623623001878,138.402365,74448.2
"Iceland",2023,4919832,13812144,16.78,31.58,NA,6.71708545689856,143.868721,76811.3
"Iceland",2024,5353632,15030012,16.55,31.35,NA,7.11838864052141,145.794044,NA
"Ireland",2000,21585.547,21585.547,22,44,33,7.34511155445047,0.943829,30216.8
"Ireland",2001,25394.762,25394.762,20,42,NA,7.87989606176598,0.969344,32597.6
"Ireland",2002,28000,28000,20,42,32.3,8.28365770795892,0.981997,35222.9
"Ireland",2003,28000,28000,20,42,32.9,8.30255609958173,1.00388,36280.8
"Ireland",2004,28000,28000,20,42,33.6,8.52956879229613,0.991124,38762.2
"Ireland",2005,29400,29400,20,42,33.8,8.87081612762053,1.011707,40465.3
"Ireland",2006,32000,32000,20,42,32.7,9.11926380625676,0.978238,44271.1
"Ireland",2007,34000,34000,20,41,31.9,9.71941883843355,0.957575,46770.9
"Ireland",2008,35400,35400,20,41,30.9,11.6477213654233,0.944447,44105.4
"Ireland",2009,36400,36400,20,41,32.7,14.3389223192362,0.901311,41435.3
"Ireland",2010,36400,36400,20,41,32.3,14.2873403026045,0.84965,43171.4
"Ireland",2011,32800,32800,20,41,32.9,13.833030620263,0.831513,45472.8
"Ireland",2012,32800,32800,20,41,33.2,13.7477848330369,0.823072,46675.7
"Ireland",2013,32800,32800,20,41,33.5,12.8835367372354,0.811228,48802.9
"Ireland",2014,32800,32800,20,41,31.9,11.4544304899878,0.819041,52641.9
"Ireland",2015,33800,33800,20,40,31.8,8.44559093834282,0.809469,71633
"Ireland",2016,33800,33800,20,40,32.8,8.23743024418424,0.794289,73098.2
"Ireland",2017,33800,33800,20,40,31.4,7.44861739881752,0.794405,80515.6
"Ireland",2018,34550,34550,20,40,30.6,6.94515150622366,0.792214,86503.4
"Ireland",2019,35300,35300,20,40,30.3,6.61455016685379,0.794143,92208.9
"Ireland",2020,39300,39300,20,40,29.2,7.84916107316566,0.775446,97780.6
"Ireland",2021,35300,35300,20,40,29.4,6.53734392072008,0.751895,117132.3
"Ireland",2022,36800,36800,20,40,29.9,5.42519726668117,0.734239,136390.2
"Ireland",2023,40000,40000,20,40,29,5.65130077126325,0.769246,128804.9
"Ireland",2024,42000,42000,20,40,NA,5.70194211443708,0.755848,138270.6
"Israel",2000,23280,222720,10,50,NA,6.23669197956657,3.432626,25170.2
"Israel",2001,23400,222960,10,50,38.9,6.97972912130544,3.415999,25180.4
"Israel",2002,28410,378000,10,50.5,39.6,6.81408852105145,3.462676,25478.1
"Israel",2003,25200,241200,10,50,40.7,6.45418915808652,3.624965,24220.7
"Israel",2004,46800,409680,10,49,41.5,5.88131583691707,3.535956,25622.6
"Israel",2005,50040,413400,10,49,42.3,5.62442595835347,3.716937,25291.8
"Israel",2006,51360,424440,10,49,41.6,5.52958016413919,3.807122,25892.2
"Israel",2007,51240,423240,10,48,41.1,5.27274659457151,3.738271,27695.9
"Israel",2008,52680,435120,10,47,41.6,5.34411555148737,3.867205,27399.5
"Israel",2009,55080,454680,10,46,42.6,5.58253125162085,3.989863,27573.4
"Israel",2010,57240,472080,10,45,42.6,5.58193945633032,3.990721,28897.2
"Israel",2011,60840,482760,10,45,41.4,5.52881977669459,3.944763,30664.1
"Israel",2012,62400,501960,10,48,41.3,5.54290772510415,3.955358,31756.2
"Israel",2013,63360,811560,10,50,39.9,5.39767702130518,3.839566,34081.5
"Israel",2014,63360,811560,10,50,39.8,5.28283659230511,3.940387,34085.4
"Israel",2015,63240,810720,10,50,39.7,5.24866020234106,3.924124,35153.9
"Israel",2016,63640,803520,10,50,39,5.21171583887651,3.788511,37452.9
"Israel",2017,74640,640000,10,50,38.2,5.5272505882195,3.751633,38745.6
"Israel",2018,74880,641880,10,50,38.6,5.54564435954517,3.784664,39533.9
"Israel",2019,75720,649560,10,50,38.3,5.59730091290827,3.816864,40644.9
"Israel",2020,75960,651600,10,50,37.8,6.93417805054403,3.746701,40486.2
"Israel",2021,75480,647640,10,50,37.9,5.69281991981876,3.657664,45628.8
"Israel",2022,77400,663240,10,50,NA,5.31758553786458,3.446508,53023
"Israel",2023,81480,698280,10,50,NA,5.73641722995892,3.571403,53547.8
"Israel",2024,84120,721560,10,50,NA,NA,3.599136,55902.4
"Italy",2000,10329,69722,18.5,45.5,35.2,15.7239535641138,0.805259,27146.3
"Italy",2001,10329,69722,18,45,NA,15.5207408458555,0.816275,28135.7
"Italy",2002,10329.14,69722,18,45,34.7,15.8077812515515,0.823489,28833
"Italy",2003,15000,70000,23,45,34.9,16.0331030894978,0.833418,29252.9
"Italy",2004,15000,70000,23,45,34.3,16.0973000286409,0.851839,29584.8
"Italy",2005,26000,1e+05,23,43,33.8,16.1596522544498,0.855139,30137.8
"Italy",2006,26000,1e+05,23,43,33.7,16.1619197363463,0.822847,32460.6
"Italy",2007,15000,75000,23,43,32.9,16.3041645123109,0.809197,34108.8
"Italy",2008,15000,75000,23,43,33.8,16.8684570621204,0.783694,35422.3
"Italy",2009,15000,75000,23,43,33.8,18.4095542042999,0.771345,34483.7
"Italy",2010,15000,75000,23,43,34.7,18.4613849904759,0.773262,34978
"Italy",2011,15000,75000,23,43,35.1,18.3712407583569,0.758687,36392.3
"Italy",2012,15000,75000,23,43,35.2,19.0916949216378,0.747731,36281.1
"Italy",2013,15000,75000,23,43,34.9,19.7363693575006,0.737299,36459.3
"Italy",2014,15000,75000,23,43,34.7,19.9899661996514,0.739644,36665.7
"Italy",2015,15000,75000,23,43,35.4,20.0161404196064,0.738495,37394.4
"Italy",2016,15000,75000,23,43,35.2,19.7301040022895,0.700544,40482.6
"Italy",2017,15000,75000,23,43,35.9,19.5703852064755,0.689895,42142.3
"Italy",2018,15000,75000,23,43,35.2,19.6020305281232,0.681219,43583.4
"Italy",2019,15000,75000,23,43,34.6,20.0215978698793,0.647298,46661.9
"Italy",2020,15000,75000,23,43,35.2,23.9025242874018,0.632292,44435.6
"Italy",2021,15000,75000,23,43,34.8,21.5942687665732,0.625356,49825.3
"Italy",2022,15000,50000,23,43,33.7,20.3642750518675,0.601944,56247.4
"Italy",2023,15000,50000,23,43,34.3,19.8022805638584,0.624065,58207
"Italy",2024,15000,50000,23,43,NA,20.264369372265,0.610785,61087.9
"Japan",2000,3300000,1.8e+07,10,37,NA,NA,154.691385,NA
"Japan",2001,3300000,1.8e+07,10,37,NA,NA,149.641888,NA
"Japan",2002,3300000,1.8e+07,10,37,NA,NA,143.774205,NA
"Japan",2003,3300000,1.8e+07,10,37,NA,NA,139.579081,NA
"Japan",2004,3300000,1.8e+07,10,37,NA,NA,134.401332,NA
"Japan",2005,3300000,1.8e+07,10,37,NA,10.2221794065751,129.551955,NA
"Japan",2006,3300000,1.8e+07,10,37,NA,10.4166113883023,124.448861,NA
"Japan",2007,1950000,1.8e+07,5,40,NA,10.6282301068254,120.319482,35088.9
"Japan",2008,1950000,1.8e+07,5,40,34.6,11.0899319053063,116.845814,35388.5
"Japan",2009,1950000,1.8e+07,5,40,33,12.4184140895109,115.219075,33696.5
"Japan",2010,1950000,1.8e+07,5,40,31.5,12.5961514495858,111.709563,35349.5
"Japan",2011,1950000,1.8e+07,5,40,33,12.957411303955,107.454281,36263
"Japan",2012,1950000,1.8e+07,5,40,32.5,13.0038141788186,104.273972,37660.3
"Japan",2013,1950000,1.8e+07,5,40,31.5,12.918443579583,101.302673,39467.1
"Japan",2014,1950000,1.8e+07,5,40,31.3,12.6435252914838,103.052076,39636.4
"Japan",2015,1950000,4e+07,5,45,30.7,12.3548716313128,103.449739,40938.2
"Japan",2016,1950000,4e+07,5,45,31.8,12.389857826905,105.519502,40678.3
"Japan",2017,1950000,4e+07,5,45,31.8,12.2740397741347,105.101901,41568.6
"Japan",2018,1950000,4e+07,5,45,32.9,12.2739320061923,104.158636,42306.7
"Japan",2019,1950000,4e+07,5,45,33,12.319657550992,103.231509,42896.7
"Japan",2020,1950000,4e+07,5,45,32.3,12.8506650656171,100.742048,42638.8
"Japan",2021,1950000,4e+07,5,45,NA,12.7907710494346,99.211289,44440.8
"Japan",2022,1950000,4e+07,5,45,NA,12.9416634255476,94.513968,47546.1
"Japan",2023,1950000,4e+07,5,45,NA,11.8401790805229,95.270567,49944.7
"Japan",2024,1950000,4e+07,5,45,NA,NA,95.109833,51774.2
"Korea",2000,1e+07,8e+07,10,40,NA,1.7894356436259,747.736794,19224.5
"Korea",2001,1e+07,8e+07,10,40,NA,1.67147726064594,756.699134,20441.5
"Korea",2002,1e+07,8e+07,9,36,NA,1.65216187295675,769.77179,22173.4
"Korea",2003,1e+07,8e+07,9,36,NA,1.92046958071932,791.293714,22907.3
"Korea",2004,1e+07,8e+07,9,36,NA,2.05003726328112,794.711552,24675
"Korea",2005,1e+07,8e+07,8,35,NA,2.3184553880195,788.920135,26179.1
"Korea",2006,1e+07,8e+07,8,35,31.7,2.51055980548995,772.216161,27955.5
"Korea",2007,1e+07,8e+07,8,35,NA,2.6864689720859,770.085526,30261.8
"Korea",2008,1.2e+07,8.8e+07,8,35,32.3,2.97906129057438,785.717886,31210.9
"Korea",2009,1.2e+07,8.8e+07,6,35,NA,3.24203948759884,828.420848,30731.3
"Korea",2010,1.2e+07,8.8e+07,6,35,32,3.21562013895,840.991702,33100.8
"Korea",2011,1.2e+07,8.8e+07,6,35,NA,3.41082646980938,854.585723,33944
"Korea",2012,1.2e+07,3e+08,6,38,31.6,3.68372792487091,854.887268,35061.5
"Korea",2013,1.2e+07,3e+08,6,38,NA,3.8182469558637,869.081422,35844.1
"Korea",2014,1.2e+07,1.5e+08,6,38,31.2,4.06943048846105,871.878106,37031.9
"Korea",2015,1.2e+07,1.5e+08,6,38,NA,4.33365349706108,857.368025,39799.5
"Korea",2016,1.2e+07,1.5e+08,6,38,35.2,4.53329482507237,858.809687,41672.5
"Korea",2017,1.2e+07,5e+08,6,40,34.9,4.61971533018835,872.624771,43155.8
"Korea",2018,1.2e+07,5e+08,6,42,33.7,4.85855699711182,854.871397,45511.1
"Korea",2019,1.2e+07,5e+08,6,42,33.2,5.41079135622402,847.547829,46511.1
"Korea",2020,1.2e+07,5e+08,6,42,32.7,6.087750274294,829.359157,47881.7
"Korea",2021,1.2e+07,1e+09,6,45,32.9,6.11884471258977,829.867766,51717.8
"Korea",2022,1.2e+07,1e+09,6,45,NA,6.64965703531076,816.607833,55070.4
"Korea",2023,1.4e+07,1e+09,6,45,NA,6.65737695974995,828.391665,56227
"Korea",2024,1.4e+07,1e+09,6,45,NA,NA,838.897321,59062.7
"Latvia",2000,NA,NA,25,25,NA,12.5000727833441,0.36081,7840.7
"Latvia",2001,NA,NA,25,25,NA,11.3448961018019,0.353323,8859.7
"Latvia",2002,NA,NA,25,25,35.1,10.2136981532791,0.360954,9755.5
"Latvia",2003,NA,NA,25,25,36.5,9.39791667099613,0.378208,10565.1
"Latvia",2004,NA,NA,25,25,36.4,9.4284725872527,0.399322,11761.9
"Latvia",2005,NA,NA,25,25,39,8.75870426860332,0.438592,13344.2
"Latvia",2006,NA,NA,25,25,35.6,8.40022223030932,0.488893,15022.6
"Latvia",2007,NA,NA,25,25,37.5,7.38251829078613,0.565679,17275.5
"Latvia",2008,NA,NA,25,25,37.2,8.43537681809152,0.575541,18631.3
"Latvia",2009,NA,NA,23,23,35.9,13.1956808626458,0.521147,16557.1
"Latvia",2010,NA,NA,26,26,35,13.3930486172405,0.487086,17345.7
"Latvia",2011,NA,NA,25,25,35.8,11.8754465859647,0.498506,18626.7
"Latvia",2012,NA,NA,25,25,35.2,10.6569146060386,0.506203,20500.8
"Latvia",2013,NA,NA,24,24,35.5,10.755325388149,0.49927,21848.3
"Latvia",2014,NA,NA,24,24,35.1,10.6005988020011,0.49756,22968.3
"Latvia",2015,NA,NA,23,23,34.2,10.7773823091498,0.497436,24140.5
"Latvia",2016,NA,NA,23,23,34.3,10.9006491667501,0.484534,25804.8
"Latvia",2017,NA,NA,23,23,35.6,10.7380414932809,0.484535,27661.3
"Latvia",2018,NA,NA,23,23,35.1,10.6201930612892,0.489931,29832.1
"Latvia",2019,20004,62800,20,31.4,34.5,11.0849930298984,0.479802,32209.8
"Latvia",2020,20004,62800,20,31.4,35.7,12.3026217187454,0.469668,32734.3
"Latvia",2021,20004,62800,20,31,34.3,12.5577306175959,0.464112,36907
"Latvia",2022,20004,78100,20,31,33.7,12.6854802910825,0.480677,39803.8
"Latvia",2023,20004,78100,20,31,34,11.9269124495084,0.501585,41922.3
"Latvia",2024,20004,78100,20,31,NA,12.6399964162027,0.492149,43973.7
"Lithuania",2000,NA,NA,33,33,31.7,11.4703299434721,0.451667,8465.9
"Lithuania",2001,NA,NA,33,33,32,11.2784399962556,0.432747,9456.9
"Lithuania",2002,NA,NA,33,33,31.9,9.98661291053958,0.42073,10497.3
"Lithuania",2003,NA,NA,33,33,35.5,9.77069340582417,0.403971,12086
"Lithuania",2004,NA,NA,33,33,37,9.71015039172065,0.414026,13097.4
"Lithuania",2005,NA,NA,33,33,35.3,9.32908716901829,0.435161,14514.8
"Lithuania",2006,NA,NA,29.975342,29.975342,34.4,9.20223896581642,0.446254,16447
"Lithuania",2007,NA,NA,27,27,34.8,9.66141018769301,0.470089,19114
"Lithuania",2008,NA,NA,24,24,35.7,11.4934031700202,0.492827,20735.7
"Lithuania",2009,NA,NA,15,15,37.2,16.1447603788679,0.469408,18167.6
"Lithuania",2010,NA,NA,15,15,33.6,14.4920549805186,0.450451,19827.9
"Lithuania",2011,NA,NA,15,15,32.5,12.5640413376267,0.451922,22701.6
"Lithuania",2012,NA,NA,15,15,35.1,11.9986410005392,0.452658,24566.9
"Lithuania",2013,NA,NA,15,15,35.3,11.3388109597376,0.443347,26563.4
"Lithuania",2014,NA,NA,15,15,37.7,10.8972423625156,0.442622,28005.8
"Lithuania",2015,NA,NA,15,15,37.4,10.8277851018406,0.445738,28854
"Lithuania",2016,NA,NA,15,15,38.4,10.9740433742591,0.438439,30772.7
"Lithuania",2017,NA,NA,15,15,37.3,10.9467749478482,0.442718,33591.5
"Lithuania",2018,NA,NA,15,15,35.7,11.6600709592517,0.44662,36491.9
"Lithuania",2019,136344,136344,20,27,35.3,11.9650522906201,0.431815,40563.9
"Lithuania",2020,104278,104278,20,32,36,14.320613298654,0.433452,41262.7
"Lithuania",2021,81162,81162,20,32,36.7,12.9026881607904,0.439956,45897.4
"Lithuania",2022,90246,90246,20,32,36.6,12.0515070642152,0.471739,50218.2
"Lithuania",2023,101094,101094,20,32,36,12.3839936729107,0.504717,51276.5
"Lithuania",2024,114162,114162,20,32,NA,13.0254158265877,0.498947,54816.7
"Luxembourg",2000,6693.12517,20748.68802,0,28,30.1,13.3175254688424,0.955731,55039.3
"Luxembourg",2001,9667.847466,23351.57003,0,28,30.9,13.9460447240772,0.963365,56099.5
"Luxembourg",2002,9750,22950,0,22,31.1,14.7386195901707,0.956996,58514.2
"Luxembourg",2003,9750,22950,0,22,30.2,15.6483207737041,0.964662,60116.5
"Luxembourg",2004,9750,22950,0,22,30.2,15.2483627969633,0.951181,64636.1
"Luxembourg",2005,9750,22950,0,22,30.8,15.2051851944319,0.946363,68708.6
"Luxembourg",2006,9750,22950,0,22,30.9,14.1522564198526,0.916696,78830.7
"Luxembourg",2007,9750,22950,0,22,31.1,13.3714015468347,0.921209,85004.8
"Luxembourg",2008,10335,24327,0,22,32.6,13.8926550027707,0.900045,90864.7
"Luxembourg",2009,11265,26529,0,22,31.2,15.801824820593,0.903032,86798.9
"Luxembourg",2010,11265,26529,0,22,30.5,15.1260361512229,0.925799,90239.5
"Luxembourg",2011,11265,26529,0,22,32.1,14.9013391687374,0.905099,94276
"Luxembourg",2012,11265,26529,0,22,34.3,15.1025320379438,0.90679,96534.5
"Luxembourg",2013,11265,26529,0,22,32,15.1268913299006,0.895254,100562.8
"Luxembourg",2014,11265,26529,0,22,31.2,14.9377341632639,0.884138,104921.4
"Luxembourg",2015,11265,26529,0,22,32.9,14.660199905789,0.881025,107931.3
"Luxembourg",2016,11265,26529,0,22,31.7,14.4855183423134,0.851894,112958.7
"Luxembourg",2017,11265,26457,0,18,34.5,14.8090769784701,0.84831,114863.7
"Luxembourg",2018,11265,26457,0,18,35.4,14.9775648853512,0.848866,116473.2
"Luxembourg",2019,11265,26457,0,18,34.2,15.2775861839688,0.829429,121071.2
"Luxembourg",2020,11265,26457,0,18,33.4,17.256683687177,0.838162,121923.7
"Luxembourg",2021,11265,26457,0,18,32.7,14.9472547723801,0.834326,136542
"Luxembourg",2022,11265,26457,0,18,34.1,15.7157724443103,0.8194,142905.1
"Luxembourg",2023,13137,28401,8,20,33.6,16.0033182541609,0.8533,144113.5
"Luxembourg",2024,12438,29241,0,18,NA,16.1603095278874,0.842662,150744.2
"Mexico",2000,4833.96,2360200.47,3,37.5,53.4,NA,6.078397,NA
"Mexico",2001,5153.23,2516120.47,3,37.5,NA,NA,6.32926,NA
"Mexico",2002,5212,636169.69,3,35,50.6,NA,6.553697,NA
"Mexico",2003,5270,220667,3,34,NA,1.4791731908525,6.647216,NA
"Mexico",2004,5270,109411,3,33,50.3,1.3820449050238,6.998924,NA
"Mexico",2005,5953,103218,3,30,50.9,1.43884570318031,7.126862,13375.7
"Mexico",2006,5952.84,103218,3,29,49.7,1.43321979102022,7.12989,14665.2
"Mexico",2007,5952.84,103218,3,28,NA,1.54928716079047,7.367679,15164
"Mexico",2008,5952.84,392841.96,1.92,28,50.8,1.60883772011542,7.469532,15830.8
"Mexico",2009,5952.84,392841.96,1.92,28,NA,1.90031813589187,7.492563,15349.9
"Mexico",2010,5952.85,392841.97,1.92,30,47.7,1.96251908391656,7.727342,16087.4
"Mexico",2011,5952.85,392841.97,1.92,30,NA,2.06565679785473,7.673013,17502.4
"Mexico",2012,5952.85,392841.97,1.92,30,49.6,2.13685189462517,7.858708,18287.4
"Mexico",2013,5952.85,392841.97,1.92,30,NA,2.25186606166101,7.884359,18481
"Mexico",2014,5952.85,1e+06,1.92,32,48.9,2.51505781982863,8.045318,19153.9
"Mexico",2015,5952.85,1000000.01,1.92,32,NA,2.58680569836392,8.325895,19399.3
"Mexico",2016,5952.85,1000000.01,1.92,32,46.9,2.65715577087347,8.446043,20410.4
"Mexico",2017,5952.85,1000000.01,1.92,32,NA,2.83563382053749,8.913552,20756.4
"Mexico",2018,6942.21,1166200.01,1.92,32,46,3.08635055440018,9.276363,21131.4
"Mexico",2019,6942.21,1166200.01,1.92,32,NA,3.33730155512347,9.528366,21099
"Mexico",2020,6942.21,1166200.01,1.92,32,44.6,3.74301221913752,9.814966,19417.8
"Mexico",2021,7735.01,1299380.05,1.92,32,NA,3.76594358393195,10.060857,20788
"Mexico",2022,7735.01,1299380.05,1.92,32,43.5,3.82025595059842,9.815975,23392.9
"Mexico",2023,8952.5,1503902.47,1.92,32,NA,3.98600714726224,9.878836,24998.5
"Mexico",2024,8952.5,1503902.47,1.92,32,NA,NA,10.088687,25904
"Netherlands",2000,6922.417196,48897.54097,4.5,60,NA,11.0267563927632,0.890437,31887.9
"Netherlands",2001,14869.9239,46308.9239,2.95,52,NA,10.8247177191417,0.904818,33262.8
"Netherlands",2002,15331,47746,2.95,52,NA,10.8528318694932,0.900863,34568.8
"Netherlands",2003,15883,49464,1.7,52,NA,11.3116890431364,0.925452,34290.9
"Netherlands",2004,16265,50652,1,52,29.8,11.2048580345503,0.907767,35965
"Netherlands",2005,16893,51762,1.8,52,29,10.7883974963932,0.897139,37778.8
"Netherlands",2006,17046,52228,2.45,52,30,10.4078005733312,0.871921,41217.1
"Netherlands",2007,17319,53064,2.5,52,29.6,10.0159768776846,0.860004,44204.9
"Netherlands",2008,17579,53860,2.45,52,29.3,10.1084141078061,0.847775,46714.6
"Netherlands",2009,17878,54776,2.35,52,27.9,11.0347476010556,0.848369,44936.1
"Netherlands",2010,18218,54367,2.3,52,27.8,11.3593314070125,0.854194,45306
"Netherlands",2011,18628,55694,1.85,52,27.8,11.5080036523666,0.836065,47003.6
"Netherlands",2012,18945,56491,1.95,52,27.6,11.8295676904192,0.824408,47653.2
"Netherlands",2013,19645,55991,5.85,52,28.1,12.2729943041046,0.798166,49621.9
"Netherlands",2014,19645,56531,5.1,52,28.6,12.183423294387,0.808798,49751.3
"Netherlands",2015,19822,57585,8.35,52,28.2,11.9086065720313,0.809761,50970.9
"Netherlands",2016,19922,66421,8.4,52,28.2,11.7177075016489,0.795448,53162.5
"Netherlands",2017,19982,67072,8.9,52,28.5,11.2604063868013,0.78215,56036.9
"Netherlands",2018,20142,68507,8.9,51.95,28.1,10.8498576732595,0.776747,58819.7
"Netherlands",2019,20384,68507,9,51.75,29.2,10.5181334037145,0.767329,62344.8
"Netherlands",2020,34712,68507,9.7,49.5,26,11.1796860359869,0.747828,62596.6
"Netherlands",2021,35129,68507,9.45,49.5,25.7,10.4943076664236,0.741535,68572.8
"Netherlands",2022,35472,69398,9.42,49.5,NA,9.7543820812622,0.727716,77152.1
"Netherlands",2023,37149,73031,9.28,49.5,NA,10.4239177323253,0.76264,77024.7
"Netherlands",2024,38098,75518,9.32,49.5,NA,10.5326786991774,0.74837,83352.8
"New Zealand",2000,9500,60000,15,39,NA,11.0556575433912,1.444836,21218.9
"New Zealand",2001,9500,60000,15,39,NA,10.4520945987942,1.472797,22063.9
"New Zealand",2002,9500,60000,15,39,NA,10.0200468993882,1.468962,23033.4
"New Zealand",2003,9500,60000,15,39,NA,9.74214532871972,1.49585,23491.2
"New Zealand",2004,9500,60000,15,39,NA,9.0809922488645,1.506677,24837.9
"New Zealand",2005,9500,60000,15,39,NA,9.06615359122125,1.535,25328.2
"New Zealand",2006,9500,60000,15,39,NA,9.64099463381453,1.481544,27248.7
"New Zealand",2007,9500,60000,15,39,NA,9.76906264396756,1.50563,28791.2
"New Zealand",2008,9500,70000,13.75,39,NA,10.4203539823009,1.490709,29869.4
"New Zealand",2009,14000,70000,12.5,38,NA,10.9985572800879,1.471839,30360.1
"New Zealand",2010,14000,70000,11.5,35.5,NA,10.9352235657698,1.497331,30998.7
"New Zealand",2011,14000,70000,10.5,33,NA,10.6052862320709,1.485915,32418.4
"New Zealand",2012,14000,70000,10.5,33,NA,10.6342949703341,1.495622,32795.3
"New Zealand",2013,14000,70000,10.5,33,NA,10.1162620963241,1.445979,35498.3
"New Zealand",2014,14000,70000,10.5,33,NA,9.93466904333579,1.44073,37024.1
"New Zealand",2015,14000,70000,10.5,33,NA,9.63223239125246,1.475468,37022.4
"New Zealand",2016,14000,70000,10.5,33,NA,9.51311633523041,1.441008,39273.7
"New Zealand",2017,14000,70000,10.5,33,NA,9.07772462333663,1.430959,41586.1
"New Zealand",2018,14000,70000,10.5,33,NA,9.37905958077383,1.47006,41982.4
"New Zealand",2019,14000,70000,10.5,33,NA,9.59770132718045,1.436661,44747.2
"New Zealand",2020,14000,70000,10.5,33,NA,10.7204500415521,1.422947,44898.1
"New Zealand",2021,14000,180000,10.5,39,NA,10.2029392351973,1.463664,47433.4
"New Zealand",2022,14000,180000,10.5,39,NA,10.2296435024128,1.433501,52862.2
"New Zealand",2023,14000,180000,10.5,39,NA,10.4796326954915,1.471218,53854.2
"New Zealand",2024,15070,180000,10.5,39,NA,NA,1.46197,55176.8
"Norway",2000,277800,762700,10.35,29.85,27.4,13.065192441748,9.085403,36973.9
"Norway",2001,289000,793000,8.9,28.4,NA,13.4958141529883,9.174326,37835.6
"Norway",2002,320000,830000,13.7,33.2,NA,14.5350335167136,9.05673,38053.4
"Norway",2003,340700,872000,11.76,31.26,27.6,15.3169611383571,9.196977,38681.3
"Norway",2004,354300,906900,12.2,31.7,31.6,14.3414630872708,9.125391,42683.7
"Norway",2005,381000,8e+05,11.8,27.3,30.6,13.0573444558113,9.005204,47975.1
"Norway",2006,394000,750000,11.8,23.8,26.4,12.0911279800042,8.780173,54368.4
"Norway",2007,4e+05,650000,12.6,24.6,27.1,11.8917079842418,8.920915,56213
"Norway",2008,420000,682500,13.3,25.3,27,11.478051282638,8.859281,62059
"Norway",2009,441000,716600,12.55,24.55,26.2,13.4985194973833,9.084179,55635.6
"Norway",2010,456400,741700,12.55,24.55,25.7,13.3670664720416,9.152811,58213.7
"Norway",2011,456400,741700,14.05,26.05,25.3,13.1680195478249,9.082736,62448.6
"Norway",2012,490000,796400,13.75,25.75,25.7,13.0689669274931,9.037085,65765.5
"Norway",2013,509600,828300,13.75,25.75,26.4,13.1870493004804,9.029349,67379.6
"Norway",2014,527400,857300,12.95,24.95,26.8,13.6614674790371,9.278458,66309.7
"Norway",2015,550550,885600,13.15,25.15,27.5,14.7158488816788,9.929852,60735
"Norway",2016,159800,909500,10.55,24.25,28.5,15.3550265000233,10.0419,59252.1
"Norway",2017,164100,934050,9.55,24.07,27,14.8467862717466,9.74983,64576.9
"Norway",2018,169000,962050,8.55,23.95,27.6,14.1268714451036,9.583999,70242.8
"Norway",2019,174500,964800,7.85,24.05,27.7,14.5747340028474,9.481152,70958.1
"Norway",2020,180800,999550,8.45,24.65,28.4,16.7359944533919,9.588324,67129
"Norway",2021,184800,1021550,7.15,23.35,29.1,13.7501269099808,8.984704,89022.4
"Norway",2022,190350,2e+06,8.65,26.05,26.9,10.7338775018948,8.530523,123181.3
"Norway",2023,198350,1500000,0,17.5,26.5,13.1995925167189,9.20239,100466.3
"Norway",2024,208050,1350000,8.7,26.3,NA,14.0540960773243,9.23318,100994.8
"Poland",2000,65472,65472,30,40,33,15.9869570249671,1.832933,10719.4
"Poland",2001,37024,74048,19,40,32.8,16.9830830059658,1.837063,11176.1
"Poland",2002,74048,74048,30,40,34.1,17.042810152683,1.799795,11840.1
"Poland",2003,74048,74048,30,40,34.9,16.9418624213383,1.804365,12331.9
"Poland",2004,74048,74048,30,40,38,15.9544199057118,1.829993,13414.8
"Poland",2005,74048,74048,30,40,35.8,15.6536892940955,1.867595,13936
"Poland",2006,74048,74048,30,40,34.7,15.1375800628858,1.850464,15209.1
"Poland",2007,85528,85528,30,40,34,14.1508117333513,1.853515,16834.3
"Poland",2008,85528,85528,30,40,33.5,13.9952217070579,1.842243,18374.2
"Poland",2009,85528,85528,18,32,33.4,14.4844887194652,1.869211,19282
"Poland",2010,85528,85528,18,32,33.2,14.7626677765061,1.805127,20993
"Poland",2011,85528,85528,18,32,33.2,13.956718150051,1.801424,22811.8
"Poland",2012,85528,85528,18,32,33,14.1308140215825,1.796168,23728.6
"Poland",2013,85528,85528,18,32,33.1,14.7409156852497,1.762045,24435.6
"Poland",2014,85528,85528,18,32,32.8,14.5595301093157,1.767142,25460.9
"Poland",2015,85528,85528,18,32,31.8,14.2907683839864,1.764643,26995.3
"Poland",2016,85528,85528,18,32,31.2,15.2959334605243,1.732843,28364.9
"Poland",2017,85528,85528,18,32,29.7,15.0752490439876,1.742879,30175.9
"Poland",2018,85528,85528,18,32,30.2,14.7227562841459,1.748426,32354.8
"Poland",2019,85528,85528,17.75,32,28.8,15.2747124047453,1.698557,35891.1
"Poland",2020,85528,85528,17,32,28.5,16.5424059919362,1.698184,37444.8
"Poland",2021,85528,85528,17,32,28.5,15.8219106539952,1.752789,41058
"Poland",2022,120000,120000,22,32,28.9,14.8246448554429,1.827631,44904.5
"Poland",2023,120000,120000,12,32,28.5,15.5991876493658,1.990937,45578.4
"Poland",2024,120000,120000,12,32,NA,17.0058728340913,1.977246,49075.3
"Portugal",2000,3641.22,32825.89,14,40,NA,11.268514223614,0.661032,18879.1
"Portugal",2001,3990.38,49879.79,12,40,NA,11.5664879094208,0.670855,19530.7
"Portugal",2002,4100.12,51251.48,12,40,NA,12.0539362614501,0.672081,20356.7
"Portugal",2003,4182.12,52276.51,12,40,38.8,13.2409691391518,0.66976,20852.2
"Portugal",2004,4266,53322,12,40,38.9,13.6755470934773,0.676128,21478.4
"Portugal",2005,4351,54388,10.5,40,38.5,14.1694839843286,0.664259,22725.3
"Portugal",2006,4451,60000,10.5,42,38.1,14.2576886391437,0.64016,24682.6
"Portugal",2007,4454,61260,10.5,42,36.8,14.2390105603207,0.64667,25739
"Portugal",2008,4639,62546,10.5,42,36.6,14.7231661355387,0.636148,26665.8
"Portugal",2009,4755,64110,10.5,42,34.9,16.5481071765242,0.627348,26458.1
"Portugal",2010,4793,150000,11.08,45.88,35.8,16.6118879641239,0.62323,27295.1
"Portugal",2011,4898,153300,11.5,46.5,36.3,17.1538355859649,0.623083,26760.2
"Portugal",2012,4898,153300,11.5,46.5,36,17.7888467785598,0.605398,26434.6
"Portugal",2013,7000,80000,14.5,48,36.2,18.6626505811617,0.583607,27921.5
"Portugal",2014,7000,80000,14.5,48,35.6,18.001905943542,0.578868,28713.3
"Portugal",2015,7000,80000,14.5,48,35.5,17.6822124917017,0.58479,29548.2
"Portugal",2016,7035,80000,14.5,48,35.2,17.2519963421759,0.571416,31494.5
"Portugal",2017,7091,80640,14.5,48,33.8,16.6632110736759,0.575688,32843.8
"Portugal",2018,7091,80640,14.5,48,33.5,16.37950515783,0.571227,34725.2
"Portugal",2019,7091,80640,14.5,48,32.8,16.2241675767523,0.550687,37616.2
"Portugal",2020,7112,80882,14.5,48,34.7,18.0621854538544,0.542815,35662.8
"Portugal",2021,7112,80882,14.5,48,34.6,17.3554205919437,0.540472,38487.3
"Portugal",2022,7116,75009,14.5,48,36.3,16.5178231387794,0.524723,44410.3
"Portugal",2023,7479,78834,14.5,48,33.9,15.5792093965875,0.534046,47856.6
"Portugal",2024,7703,81199,13,48,NA,16.0266817057106,0.52649,51402.3
"Slovak Republic",2000,2987.452699,37442.74049,12,42,NA,13.3593449547871,0.516385,11342.3
"Slovak Republic",2001,2987.452699,37442.74049,12,42,NA,13.4202216599064,0.515672,12367.1
"Slovak Republic",2002,2987.452699,18721.37025,10,38,NA,13.5629061064414,0.521518,13287.5
"Slovak Republic",2003,2987.452699,18721.37025,10,38,NA,11.934024266875,0.544317,14074.5
"Slovak Republic",2004,NA,NA,19,19,27.1,12.6434777719882,0.564472,15139.5
"Slovak Republic",2005,NA,NA,19,19,29.3,12.7721841098565,0.564715,16526.3
"Slovak Republic",2006,NA,NA,19,19,25.8,12.2369743168741,0.554599,18847.1
"Slovak Republic",2007,NA,NA,19,19,24.7,11.8726463438015,0.553636,21146.7
"Slovak Republic",2008,NA,NA,19,19,26,11.6513723797307,0.53743,23597.3
"Slovak Republic",2009,NA,NA,19,19,27.2,14.127234533759,0.515578,22931.9
"Slovak Republic",2010,NA,NA,19,19,27.3,14.1962976205965,0.502173,25204.3
"Slovak Republic",2011,NA,NA,19,19,26.5,13.7184616295069,0.506407,26203
"Slovak Republic",2012,NA,NA,19,19,26.1,13.897521453531,0.504542,27029.5
"Slovak Republic",2013,34401.74,34401.74,19,25,28.1,13.9870664596126,0.491124,28077.5
"Slovak Republic",2014,35022.312,35022.312,19,25,26.1,13.9404641710084,0.485412,29108.6
"Slovak Republic",2015,35022.312,35022.312,19,25,26.5,13.6479522504063,0.491417,30164.2
"Slovak Republic",2016,35022.312,35022.312,19,25,25.2,13.8249847255455,0.503194,29867.9
"Slovak Republic",2017,35022.312,35022.312,19,25,23.2,13.5035664275003,0.516433,30250.4
"Slovak Republic",2018,35268.064,35268.064,19,25,25,13.138973345153,0.526001,31514.2
"Slovak Republic",2019,36256.376,36256.376,19,25,23.2,13.3315551791944,0.510067,33991.3
"Slovak Republic",2020,37163.36,37163.36,19,25,24.2,14.5189306134802,0.48909,35317.1
"Slovak Republic",2021,37981.94,37981.94,19,25,24.1,14.693865397244,0.487999,38376.7
"Slovak Republic",2022,38553.01,38553.01,19,25,24.1,14.4798337449945,0.492988,40872.4
"Slovak Republic",2023,41445.46,41445.46,19,25,23.8,16.3146854599358,0.519207,43598.3
"Slovak Republic",2024,47537.98,47537.98,19,25,NA,17.1813962818737,0.512025,46584.6
"Slovenia",2000,4770.47,28622.81,17,50,NA,17.0331711985992,0.526511,17883.5
"Slovenia",2001,5338.16,32028.93,17,50,NA,16.9712195102575,0.560099,18766.5
"Slovenia",2002,5855.96,35135.73,17,50,29.1,17.0942859656619,0.583286,19999.3
"Slovenia",2003,6295.16,37770.91,17,50,30.9,16.9857797266553,0.607857,20912.5
"Slovenia",2004,6653.98,166.599316,17,50,24.8,16.666532154214,0.607812,22587.9
"Slovenia",2005,5424.8,43106.33,16,50,24.6,16.6348645419221,0.610135,23678.4
"Slovenia",2006,5538.72,44011.56,16,50,24.4,16.0739094029978,0.609687,25564
"Slovenia",2007,6800,13600,16,41,24.4,15.0949814942822,0.630222,27458.9
"Slovenia",2008,7187.6,14375.2,16,41,23.7,15.3697519130907,0.633789,29451.4
"Slovenia",2009,7410.42,14820.83,16,41,24.8,17.2273509417668,0.645493,27187.9
"Slovenia",2010,7528.99,15057.96,16,41,24.9,17.8441916324645,0.63801,27579.3
"Slovenia",2011,7634.4,15268.77,16,41,24.9,18.1856376133642,0.62397,28715.7
"Slovenia",2012,7840.53,15681.03,16,41,25.6,18.1278912689389,0.606793,28792.2
"Slovenia",2013,8021.34,70907.2,16,50,26.2,18.0935649046184,0.590407,29639.9
"Slovenia",2014,8021.34,70907.2,16,50,25.7,17.5111249946754,0.591238,30574.6
"Slovenia",2015,8021.34,70907.2,16,50,25.4,17.0972845335939,0.595138,31348.2
"Slovenia",2016,8021.34,70907.2,16,50,24.8,16.4865028587641,0.577106,33581.8
"Slovenia",2017,8021.34,70907.2,16,50,24.2,15.9728414442956,0.570149,36190
"Slovenia",2018,8021.34,70907.2,16,50,24.6,15.4879515967774,0.567612,38656.3
"Slovenia",2019,8021.34,70907.2,16,50,24.4,15.3781256769546,0.544192,42360.5
"Slovenia",2020,8500,72000,16,50,24,17.4107327034207,0.532257,41759.6
"Slovenia",2021,8500,72000,16,50,24.3,16.2011565103166,0.537477,45930.3
"Slovenia",2022,8755,74160,16,45,24.3,16.2697180013815,0.527504,51119.7
"Slovenia",2023,8755,74160,16,50,24.7,15.1616061233852,0.558997,54033.4
"Slovenia",2024,8755,74160,16,50,NA,15.4556459734968,0.557128,56916.3
"Spain",2000,3678.194079,67433.55811,15,39.6,34.1,11.6293398850161,0.739777,21584.8
"Spain",2001,3678,67434,15,39.6,NA,11.4013963746758,0.747518,23002.3
"Spain",2002,3678.19,67433.56,15,39.6,NA,11.4925894705393,0.742312,24382.6
"Spain",2003,4000,45000,9.06,29.16,31.8,11.4613116261339,0.759222,25055.4
"Spain",2004,4000,45000,9.06,29.16,33.3,11.5086290591692,0.765873,26201.6
"Spain",2005,4080,45900,9.06,29.16,32.4,11.4047506685543,0.769508,27623.7
"Spain",2006,4161.6,46818,9.06,29.16,33.5,11.2664382034994,0.736002,30780.8
"Spain",2007,17360,52360,15.66,27.13,34.1,11.4223959923567,0.732244,32530.7
"Spain",2008,17707.2,53407.2,15.66,27.13,34.2,12.2508162296662,0.725862,33328.9
"Spain",2009,17707.2,53407.2,15.66,27.13,34.9,14.3872729475578,0.718702,32198.3
"Spain",2010,17707.2,53407.2,15.66,27.13,35.2,15.0275960989468,0.72705,31818.1
"Spain",2011,17707.2,175000,12,23.5,35.7,15.2324808878159,0.714129,32020
"Spain",2012,17707.2,3e+05,12.75,30.5,35.4,16.206258132522,0.694976,31886
"Spain",2013,17707.2,3e+05,12.75,30.5,36.2,16.6145047247994,0.6748,32629.8
"Spain",2014,17707.2,3e+05,12.75,30.5,36.1,16.4309316434204,0.662359,33781.1
"Spain",2015,12450,60000,9.5,22.5,36.2,15.6606678980639,0.664562,35266.9
"Spain",2016,12450,60000,9.5,22.5,35.8,15.4687537567889,0.642644,37637.8
"Spain",2017,12450,60000,9.5,22.5,34.7,15.1574668553807,0.630839,39877.3
"Spain",2018,12450,60000,9.5,22.5,34.7,15.2835657886488,0.631798,41073.7
"Spain",2019,12450,60000,9.5,22.5,34.3,15.7043494907116,0.604131,44071.5
"Spain",2020,12450,60000,9.5,22.5,34.9,20.1928952350927,0.606275,39340
"Spain",2021,12450,3e+05,9.5,24.5,33.9,18.4130139525397,0.58847,44342.3
"Spain",2022,12450,3e+05,9.5,24.5,33.6,16.6066679604001,0.569575,50550.2
"Spain",2023,12450,3e+05,9.5,24.5,33.4,16.8062194168496,0.5822,53204.8
"Spain",2024,12450,3e+05,9.5,24.5,NA,16.8605621170021,0.572856,56965.2
"Sweden",2000,232600,374000,0,25,27,14.642961671389,9.163089,29632.6
"Sweden",2001,252000,390400,0,25,26.5,14.7492159004529,9.401445,29946.4
"Sweden",2002,273800,414200,0,25,26.2,14.9006674663818,9.413655,30980.9
"Sweden",2003,284300,430000,0,25,25.3,15.4129510144702,9.485459,31793.1
"Sweden",2004,291800,441300,0,25,26.1,15.0852127363688,9.294039,33809.3
"Sweden",2005,298600,450500,0,25,26.8,14.8657027863841,9.479182,34208.9
"Sweden",2006,306000,460600,0,25,26.4,14.3287616130751,9.111518,37668.2
"Sweden",2007,316700,476700,0,25,27.1,13.5520744172565,8.870893,40823.4
"Sweden",2008,328800,495000,0,25,28.1,13.6238296657923,8.778986,41913.5
"Sweden",2009,367600,526200,0,25,27.3,14.6892349438275,8.921003,40081.6
"Sweden",2010,372100,532700,0,25,27.7,13.8473901552971,9.026183,41961
"Sweden",2011,383000,548300,0,25,27.6,13.2760943388027,8.844042,44334.2
"Sweden",2012,401100,574300,0,25,27.6,13.8519718780667,8.654768,45216.9
"Sweden",2013,413200,591600,0,25,28.8,14.1767779875616,8.597681,46104.9
"Sweden",2014,420800,602600,0,25,28.4,13.7503260870114,8.727131,46836.8
"Sweden",2015,430200,616100,0,25,29.2,13.2611554511815,8.852008,48784.2
"Sweden",2016,430200,625800,0,25,29.6,13.1575958027691,8.822586,50215
"Sweden",2017,438900,638500,0,25,28.8,12.9283335890647,8.852247,51385.5
"Sweden",2018,455300,662300,0,25,30,12.7056448346815,8.865881,52962.3
"Sweden",2019,490700,689300,0,25,29.3,12.3413434787475,8.584015,56881.1
"Sweden",2020,509300,509300,0,20,28.9,12.8215757288013,8.435616,57374.1
"Sweden",2021,523200,523200,0,20,29.8,12.0817275036177,8.363733,62173.6
"Sweden",2022,540700,540700,0,20,31.6,11.6486358005748,8.426093,65571.8
"Sweden",2023,598500,598500,0,20,29.3,11.5777038856216,8.765773,66118.3
"Sweden",2024,598500,598500,0,20,NA,11.6378412446827,8.587839,69880
"Switzerland",2000,16100,154700,0,11,33.4,9.19938848720925,1.78866,36754.4
"Switzerland",2001,16100,154700,0,11,NA,9.39657381110765,1.768621,37987
"Switzerland",2002,16100,154700,0,11,31.7,9.91366119298252,1.70976,38985.5
"Switzerland",2003,16100,154700,0,11,NA,10.3986509691906,1.715154,38925.6
"Switzerland",2004,16100,154700,0,11,31.6,10.3146207396289,1.691758,40389.4
"Switzerland",2005,16100,154700,0,11,NA,10.1940235641985,1.686548,41858.6
"Switzerland",2006,16900,166200,0,11,33.9,9.5846910498364,1.598858,46666.2
"Switzerland",2007,16900,166200,0,11,34.3,9.20725968098565,1.531784,51440.5
"Switzerland",2008,13600,166200,0,11,33.8,8.91793808493813,1.493049,54199.3
"Switzerland",2009,13600,166200,0,11,32.9,9.9207667655557,1.470105,53629.4
"Switzerland",2010,13600,166200,0,11,32.6,9.85009700231433,1.466316,55345.3
"Switzerland",2011,14400,175000,0,11,31.7,9.70165819832448,1.397498,58426.6
"Switzerland",2012,14500,176000,0,11,31.6,9.77402798504282,1.354072,60440.9
"Switzerland",2013,14500,176000,0,11,32.5,9.91280832223812,1.312477,62750.4
"Switzerland",2014,14500,176000,0,11,32.5,9.9217663654317,1.281761,64694.9
"Switzerland",2015,14500,176000,0,11,32.3,10.0338412680318,1.235456,66359.7
"Switzerland",2016,14500,176000,0,11,33,10.1474469875537,1.201964,68350.7
"Switzerland",2017,14500,176000,0,11,32.7,10.1574961531295,1.187726,69271.9
"Switzerland",2018,14500,176000,0,11,33.1,9.8882126071663,1.178866,72135.6
"Switzerland",2019,14500,176000,0,11,34,9.97203724786271,1.133809,75229.4
"Switzerland",2020,14500,176000,0,11,33.7,12.585312681449,1.104751,74331.5
"Switzerland",2021,14500,176000,0,11,33.8,11.0924918368281,1.056712,83489.8
"Switzerland",2022,14500,176000,0,11,33.8,9.65548364405915,0.986913,94573.2
"Switzerland",2023,14800,179400,0,11,NA,9.72034756374155,0.999013,93660.9
"Switzerland",2024,1500,182600,0,11,NA,NA,0.972889,97357.2
"Turkiye",2000,2.5e+09,6.25e+10,15,40,NA,NA,0.281594,9491.7
"Turkiye",2001,2.8e+09,7e+10,15,40,NA,NA,0.414949,9164.3
"Turkiye",2002,3.8e+09,9.5e+10,15,40,41.4,NA,0.591251,9299.5
"Turkiye",2003,5e+09,1.2e+11,15,40,42.2,NA,0.736506,9622.3
"Turkiye",2004,6e+09,1.4e+11,15,40,41.3,NA,0.79215,10918.9
"Turkiye",2005,6600,78000,15,35,42.6,NA,0.834589,11957.6
"Turkiye",2006,7000,40000,15,35,39.6,NA,0.841811,13705
"Turkiye",2007,7500,43000,15,35,38.4,NA,0.851116,14951.7
"Turkiye",2008,7800,44700,15,35,39,NA,0.87996,16141.6
"Turkiye",2009,8700,50000,15,35,39,9.20844609877911,0.904655,15551.7
"Turkiye",2010,8800,76200,15,35,38.8,8.56656489076945,0.920469,17468.2
"Turkiye",2011,9400,80000,15,35,40,8.8267754420928,0.966176,19717.2
"Turkiye",2012,10000,88000,15,35,40.2,8.48821981794056,1.019856,20739.2
"Turkiye",2013,10700,94000,15,35,40.2,8.72005028618319,1.070294,22475.2
"Turkiye",2014,11000,97000,15,35,41.2,8.2737344544996,1.104504,24192.5
"Turkiye",2015,12000,106000,15,35,42.9,8.28962509763477,1.162141,25897.1
"Turkiye",2016,12600,110000,15,35,41.9,9.09928908107709,1.241052,26730.8
"Turkiye",2017,13000,110000,15,35,43.5,8.58364488419034,1.38398,28353.4
"Turkiye",2018,14800,120000,15,35,42.4,8.83970292084646,1.63261,28640.4
"Turkiye",2019,18000,148000,15,35,43.8,9.69599005201578,1.837125,29016.6
"Turkiye",2020,22000,6e+05,15,40,43,9.88402717832492,2.111056,29209.2
"Turkiye",2021,24000,650000,15,40,44.4,NA,2.751633,32105.7
"Turkiye",2022,32000,880000,15,40,44.5,NA,4.517801,39919.1
"Turkiye",2023,70000,1900000,15,40,NA,NA,7.350289,43196.3
"Turkiye",2024,110000,3e+06,15,40,NA,NA,11.554529,45122.8
"United Kingdom",2000,1520,28400,10,40,38.8,11.1007016009827,0.704522,26615.7
"United Kingdom",2001,1880,29400,10,40,37.1,11.4124473509007,0.694477,28010.4
"United Kingdom",2002,1920,29900,10,40,35.1,11.5346303423776,0.689877,29152.5
"United Kingdom",2003,1960,30500,10,40,34.9,11.7844565790787,0.69584,30402.1
"United Kingdom",2004,2020,31400,10,40,34.8,12.0237984904415,0.68782,32148.8
"United Kingdom",2005,2090,32400,10,40,35.5,11.88762650107,0.707619,32798.4
"United Kingdom",2006,2150,33300,10,40,35.9,11.6768375189435,0.696492,34850.7
"United Kingdom",2007,2230,34600,10,40,34.4,11.8534873035176,0.709077,35651.3
"United Kingdom",2008,34800,34800,20,40,35.4,12.2880358902695,0.701691,36903.3
"United Kingdom",2009,37400,37400,20,40,35.1,14.0048287648174,0.710094,35234.5
"United Kingdom",2010,37400,150000,20,50,33.7,14.1256028601859,0.702364,36617.5
"United Kingdom",2011,35000,150000,20,50,33.2,14.1266927952717,0.706052,37345.8
"United Kingdom",2012,34370,150000,20,50,33.1,14.3278651199855,0.701634,38483.4
"United Kingdom",2013,32010,150000,20,45,32.7,14.021012010696,0.695248,40081.6
"United Kingdom",2014,31865,150000,20,45,33.1,13.6594125220126,0.698444,41508.5
"United Kingdom",2015,31785,150000,20,45,33.3,13.5545555638542,0.692365,42739.3
"United Kingdom",2016,32000,150000,20,45,33.1,13.1899907968804,0.688603,44352.8
"United Kingdom",2017,33500,150000,20,45,32.6,12.6937443913901,0.684601,46413.7
"United Kingdom",2018,34500,150000,20,45,33.7,12.5530091514898,0.687714,47604.7
"United Kingdom",2019,37500,150000,20,45,32.8,12.3568938832053,0.669665,50494.3
"United Kingdom",2020,37500,150000,20,45,32.6,14.1058586543168,0.653446,48692.5
"United Kingdom",2021,37700,150000,20,45,32.4,13.2559677472131,0.668934,51756.6
"United Kingdom",2022,37700,150000,20,45,NA,12.5583264140438,0.638335,59668.4
"United Kingdom",2023,37700,125140,20,45,NA,12.9362930406764,0.683478,58687.8
"United Kingdom",2024,37700,125140,20,45,NA,13.4735156584279,0.679372,61262.4
"United States",2000,26250,288350,15,39.6,40.1,10.2797463103915,1,36299.6
"United States",2001,6000,297370,10,39.1,40.6,10.920768793667,1,37100.2
"United States",2002,6000,307050,10,38.6,40.4,11.537368328687,1,37954.3
"United States",2003,7000,311950,10,35,40.8,11.6209941910452,1,39419.9
"United States",2004,7150,319100,10,35,40.5,11.5861352310301,1,41659.6
"United States",2005,7300,326450,10,35,41.3,11.5229371026452,1,44052.4
"United States",2006,7550,336550,10,35,41.7,11.6204565887665,1,46234.2
"United States",2007,7825,349700,10,35,41.1,11.8184169200596,1,47976.2
"United States",2008,8025,357700,10,35,41.1,13.099623077047,1,48498.4
"United States",2009,8350,372950,10,35,40.8,14.6685523074316,1,47123
"United States",2010,8375,373650,10,35,40.2,15.2694822190833,1,48570.4
"United States",2011,8500,379150,10,35,41.2,14.9181227215955,1,49951.9
"United States",2012,8700,388350,10,35,41.2,14.3997865506089,1,51645
"United States",2013,8925,4e+05,10,39.6,40.9,14.2457077714213,1,53234.7
"United States",2014,9075,406750,10,39.6,41.7,14.3009799162183,1,55094.2
"United States",2015,9225,413200,10,39.6,41.5,14.5151415967373,1,56797
"United States",2016,9275,415050,10,39.6,41.3,14.5611681266486,1,57930.9
"United States",2017,9325,418400,10,39.6,41.4,14.4259574521895,1,60001.6
"United States",2018,9525,5e+05,10,37,41.8,14.2751328684857,1,62825
"United States",2019,9700,510300,10,37,41.9,14.4603026269938,1,65171.5
"United States",2020,9875,518400,10,37,40,19.7392330982731,1,64414.5
"United States",2021,9950,523600,10,37,39.7,19.3977452846399,1,71354.3
"United States",2022,10275,539900,10,37,41.7,15.5441974787223,1,77920.9
"United States",2023,11000,578125,10,37,41.8,15.0733567745327,1,82492.3
"United States",2024,11600,609350,10,37,NA,NA,1,86116.9
